,Al. USA - południe,Al. USA - północ,Banacha,Bazyliańska,Belwederska,Dworzec Wilenski (al. Solidarności),Dworzec Wileński Nowy( Targowa),Marszałkowska,Most Gdanski - ścieżka rowerowa,Most Gdański - ciąg pieszo-rowerowy,NSR - Solec - ciąg pieszo-rowerowy,NSR-Solec - ścieżka rowerowa,Rowery (Praska ścieżka rekreacyjna),Wybrzeże Helskie,Wysockiego,"Świętokrzyska - Emilii Plater, płd","Świętokrzyska - Emilii Plater, płn",Żwirki i Wigury/Trojdena1,Żwirki i Wigury/Trojdena2,date,value,dayname
1,,,,,,,,,,,,,,,,,,,,2014-08-01,19.9,Friday
2,,,,,,,,,,,,,,,,,,,,2014-08-02,19.2,Saturday
3,,,,,,,,,,,,,,,,,,,,2014-08-03,18.5,Sunday
4,,,,,,,,,,,,,,,,,,,,2014-08-04,19.9,Monday
5,,,,,,,,,,,,,,,,,,,,2014-08-05,17.4,Tuesday
6,,,,,,,,,,,,,,,,,,,,2014-08-06,16.9,Wednesday
7,,,,,,,,,,,,,,,,,,,,2014-08-07,17.5,Thursday
8,,,,,,,,,,,,,,,,,,,,2014-08-08,17.3,Friday
9,,,,,,,,,,,,,,,,,,,,2014-08-09,15.2,Saturday
10,,,,,,,,,,,,,,,,,,,,2014-08-10,17.3,Sunday
11,,,,,,,,,,,,,,,,,,,,2014-08-11,18.8,Monday
12,,,,,,,,,,,,,,,,,,,,2014-08-12,17.4,Tuesday
13,,,,,,,,,102.0,0.0,6.0,60.0,,,,,,,,2014-08-13,13.0,Wednesday
14,,,,,,,,,576.0,0.0,114.0,81.0,,,,,,,,2014-08-14,17.6,Thursday
15,,,,,,,,,2585.0,0.0,861.0,553.0,,,,,,,,2014-08-15,13.3,Friday
16,,,,,,,,,484.0,0.0,134.0,80.0,,,,,,,,2014-08-16,13.1,Saturday
17,,,,,,,,,1138.0,0.0,273.0,120.0,,,,,,,,2014-08-17,12.4,Sunday
18,,,,,,,,,971.0,0.0,172.0,126.0,,,,,,,,2014-08-18,13.4,Monday
19,,,,,,,,,1248.0,0.0,224.0,129.0,,,,,,,,2014-08-19,11.9,Tuesday
20,,,,,,,,,1334.0,0.0,262.0,173.0,,,,,,,,2014-08-20,11.6,Wednesday
21,,,,,,,,,731.0,0.0,100.0,78.0,,,,,,,,2014-08-21,9.1,Thursday
22,,,,,,,,,1130.0,0.0,207.0,249.0,,,,,,,,2014-08-22,6.5,Friday
23,,,,,,,,,2039.0,0.0,447.0,600.0,,,,,,,,2014-08-23,11.3,Saturday
24,,,,,,,,,136.0,0.0,31.0,48.0,,,,,,,,2014-08-24,12.2,Sunday
25,,,,,,,,,983.0,0.0,135.0,292.0,,,,,,,,2014-08-25,9.0,Monday
26,,,,,,,,,192.0,0.0,16.0,98.0,,,,,,,,2014-08-26,9.9,Tuesday
27,,,,,,,,,604.0,0.0,37.0,247.0,,,,,,,,2014-08-27,6.5,Wednesday
28,,,,,,,,,618.0,0.0,90.0,262.0,,,,,,,,2014-08-28,9.8,Thursday
29,,,,,,,,,1267.0,0.0,193.0,460.0,,,,,,,,2014-08-29,8.8,Friday
30,,,,,,,,,1583.0,0.0,411.0,500.0,,,,,,,,2014-08-30,14.4,Saturday
31,,,,,,,,,2124.0,0.0,551.0,637.0,,,,,,,,2014-08-31,14.3,Sunday
32,,,,,,,,,648.0,0.0,37.0,228.0,,,,,,,,2014-09-01,13.4,Monday
33,,,,,,,,,959.0,0.0,89.0,284.0,,,,,,,,2014-09-02,12.8,Tuesday
34,,,,,,,,,1181.0,0.0,154.0,436.0,,,,,,,,2014-09-03,11.1,Wednesday
35,,,,,,,,,1278.0,0.0,210.0,455.0,,,,,,,,2014-09-04,9.9,Thursday
36,,,,,,,,,1158.0,0.0,166.0,478.0,,,,,,,,2014-09-05,9.0,Friday
37,,,,,,,,,2357.0,0.0,618.0,692.0,,,,,,,,2014-09-06,9.6,Saturday
38,,,,,,,,,2616.0,0.0,867.0,842.0,,,,,,,,2014-09-07,10.8,Sunday
39,,,,,,,,,1013.0,0.0,100.0,368.0,,,,,,,,2014-09-08,12.7,Monday
40,,,,,,,,,828.0,0.0,69.0,285.0,,,,,,,,2014-09-09,13.5,Tuesday
41,,,,,,,,,1008.0,0.0,1619.0,363.0,,,,,,,,2014-09-10,9.3,Wednesday
42,,,,,,,,,477.0,0.0,61.0,234.0,,,,,,,,2014-09-11,11.3,Thursday
43,,,,,,,,,1276.0,0.0,191.0,459.0,,,,,,,,2014-09-12,15.4,Friday
44,,,,,,,,,2531.0,0.0,1075.0,1410.0,,,,,,,,2014-09-13,14.3,Saturday
45,,,,,,,,,3122.0,0.0,933.0,1263.0,,,,,,,,2014-09-14,16.4,Sunday
46,,,,,,,,,1102.0,108.0,154.0,454.0,,,,,,,,2014-09-15,13.9,Monday
47,,,,,,,,,498.0,579.0,123.0,484.0,,,,,,,,2014-09-16,9.5,Tuesday
48,,,,,,,,,339.0,776.0,126.0,442.0,,,,,,,,2014-09-17,8.8,Wednesday
49,,,,,,,,,267.0,822.0,141.0,418.0,,,,,,,,2014-09-18,8.8,Thursday
50,,,,,,,,,450.0,579.0,127.0,370.0,,,,,,,,2014-09-19,9.9,Friday
51,,,,,,,,,851.0,605.0,298.0,463.0,,,,,,,,2014-09-20,13.5,Saturday
52,,,,,,,,,474.0,378.0,153.0,255.0,,,,,,,,2014-09-21,11.3,Sunday
53,,,,,,,,,277.0,145.0,34.0,177.0,,,,,,,,2014-09-22,11.8,Monday
54,,,,,,,,,217.0,76.0,20.0,135.0,,,,,,,,2014-09-23,8.0,Tuesday
55,,,,,,,,,548.0,193.0,76.0,264.0,,,,,,,,2014-09-24,2.8,Wednesday
56,,,,,,,,,398.0,144.0,53.0,237.0,,,,,,,,2014-09-25,6.0,Thursday
57,,,,,,,,,506.0,112.0,74.0,249.0,,,,,,,,2014-09-26,8.3,Friday
58,,,,,,,,,930.0,361.0,215.0,352.0,,,,,,,,2014-09-27,8.5,Saturday
59,,,,,,,,,1603.0,688.0,438.0,659.0,,,,,,,,2014-09-28,5.0,Sunday
60,,,,,,,,,662.0,198.0,93.0,365.0,,,,,,,,2014-09-29,5.1,Monday
61,,,,,,,,,683.0,166.0,68.0,365.0,,,,,,,,2014-09-30,9.8,Tuesday
62,,,,,,,,,455.0,88.0,51.0,287.0,,,,,,,,2014-10-01,11.7,Wednesday
63,,,,,,,,,685.0,268.0,102.0,449.0,,,,,,,,2014-10-02,8.3,Thursday
64,,,,,,,,,662.0,193.0,105.0,410.0,,,,,,,,2014-10-03,4.7,Friday
65,,,,,,,,,1317.0,417.0,350.0,561.0,,,,,,,,2014-10-04,3.5,Saturday
66,,,,,,,,,1303.0,482.0,384.0,632.0,,,,,,,,2014-10-05,2.5,Sunday
67,,,,,,,,,591.0,126.0,93.0,346.0,,,,,,,,2014-10-06,3.1,Monday
68,,,,,,,,,594.0,114.0,80.0,399.0,,,,,,,,2014-10-07,6.7,Tuesday
69,,,,,,,,,552.0,97.0,80.0,380.0,,,,,,,,2014-10-08,9.1,Wednesday
70,,,,,,,,,882.0,255.0,185.0,470.0,,,,,,,,2014-10-09,9.6,Thursday
71,,,,,,,,,984.0,295.0,168.0,530.0,,,,,,,,2014-10-10,11.5,Friday
72,,,,,,,,,1628.0,771.0,493.0,860.0,,,,,,,,2014-10-11,8.2,Saturday
73,,,,,,,,,825.0,260.0,205.0,403.0,,,,,,,,2014-10-12,10.0,Sunday
74,,,,,,,,,826.0,184.0,123.0,504.0,,,,,,,,2014-10-13,6.3,Monday
75,,,,,,,,,542.0,116.0,50.0,390.0,,,,,,,,2014-10-14,12.9,Tuesday
76,,,,,,,,,663.0,136.0,90.0,419.0,,,,,,,,2014-10-15,11.0,Wednesday
77,,,,,,,,,431.0,61.0,38.0,312.0,,,,,,,,2014-10-16,8.5,Thursday
78,,,,,,,,,320.0,34.0,23.0,224.0,,,,,,,,2014-10-17,8.5,Friday
79,,,,,,,,,466.0,116.0,87.0,285.0,,,,,,,,2014-10-18,7.8,Saturday
80,,,,,,,,,1484.0,516.0,362.0,682.0,,,,,,,,2014-10-19,6.0,Sunday
81,,,,,,,,,413.0,74.0,65.0,326.0,,,,,,,,2014-10-20,13.3,Monday
82,,,,,,,,,325.0,44.0,33.0,248.0,,,,,,,,2014-10-21,10.5,Tuesday
83,,,,,,,,,408.0,52.0,33.0,274.0,,,,,,,,2014-10-22,9.1,Wednesday
84,,,,,,,,,200.0,34.0,32.0,187.0,,,,,,,,2014-10-23,2.7,Thursday
85,,,,,,,,,279.0,45.0,40.0,225.0,,,,,,,,2014-10-24,-2.6,Friday
86,,,,,,,,,221.0,36.0,23.0,115.0,,,,,,,,2014-10-25,-2.9,Saturday
87,,,,,,,,,384.0,96.0,48.0,186.0,,,,,,,,2014-10-26,-2.5,Sunday
88,,,,,,,,,374.0,75.0,50.0,237.0,,,,,,,,2014-10-27,-0.2,Monday
89,,,,,,,,,457.0,82.0,46.0,310.0,,,,,,,,2014-10-28,-1.6,Tuesday
90,,,,,,,,,444.0,95.0,44.0,291.0,,,,,,,,2014-10-29,-1.3,Wednesday
91,,,,,,,,,388.0,57.0,43.0,271.0,,,,,,,,2014-10-30,-4.1,Thursday
92,,,,,,,,,338.0,39.0,37.0,232.0,,,,,,,,2014-10-31,5.0,Friday
93,,,,,,,,,273.0,90.0,52.0,146.0,,,,,,,,2014-11-01,-0.1,Saturday
94,,,,,,,,,515.0,144.0,132.0,229.0,,,,,,,,2014-11-02,0.8,Sunday
95,,,,,,,,,428.0,91.0,63.0,314.0,,,,,,,,2014-11-03,3.5,Monday
96,,,,,,,,,436.0,105.0,70.0,354.0,,,,,,,,2014-11-04,2.9,Tuesday
97,,,,,,,,,535.0,132.0,76.0,407.0,,,,,,,,2014-11-05,7.3,Wednesday
98,,,,,,,,,517.0,114.0,68.0,348.0,,,,,,,,2014-11-06,9.4,Thursday
99,,,,,,,,,168.0,27.0,21.0,167.0,,,,,,,,2014-11-07,8.9,Friday
100,,,,,,,,,78.0,14.0,9.0,71.0,,,,,,,,2014-11-08,8.1,Saturday
101,,,,,,,,,356.0,105.0,78.0,216.0,,,,,,,,2014-11-09,7.8,Sunday
102,,,,,,,,,209.0,53.0,47.0,176.0,,,,,,,,2014-11-10,9.2,Monday
103,,,,,,,,,759.0,221.0,119.0,305.0,,,,,,,,2014-11-11,6.8,Tuesday
104,,,,,,,,,283.0,36.0,25.0,257.0,,,,,,,,2014-11-12,6.6,Wednesday
105,,,,,,,,,334.0,43.0,29.0,280.0,,,,,,,,2014-11-13,7.0,Thursday
106,,,,,,,,,255.0,40.0,39.0,241.0,,,,,,,,2014-11-14,6.6,Friday
107,,,,,,,,,209.0,47.0,32.0,168.0,,,,,,,,2014-11-15,4.3,Saturday
108,,,,,,,,,283.0,45.0,36.0,142.0,,,,,,,,2014-11-16,3.8,Sunday
109,,,,,,,,,154.0,14.0,12.0,130.0,,,,,,,,2014-11-17,4.5,Monday
110,,,,,,,,,204.0,19.0,18.0,181.0,,,,,,,,2014-11-18,2.2,Tuesday
111,,,,,,,,,220.0,27.0,12.0,188.0,,,,,,,,2014-11-19,1.2,Wednesday
112,,,,,,,,,215.0,23.0,15.0,169.0,,,,,,,,2014-11-20,0.5,Thursday
113,,,,,,,,,201.0,36.0,19.0,183.0,,,,,,,,2014-11-21,0.9,Friday
114,,,,,,,,,211.0,58.0,54.0,118.0,,,,,,,,2014-11-22,1.8,Saturday
115,,,,,,,,,429.0,163.0,98.0,195.0,,,,,,,,2014-11-23,-0.4,Sunday
116,,,,,,,,,241.0,35.0,23.0,182.0,,,,,,,,2014-11-24,-0.3,Monday
117,,,,,,,,,153.0,21.0,9.0,126.0,,,,,,,,2014-11-25,0.0,Tuesday
118,,,,,,,,,232.0,36.0,15.0,153.0,,,,,,,,2014-11-26,1.3,Wednesday
119,,,,,,,,,201.0,21.0,21.0,166.0,,,,,,,,2014-11-27,-1.7,Thursday
120,,,,,,,,,167.0,18.0,13.0,125.0,,,,,,,,2014-11-28,-5.5,Friday
121,,,,,,,,,102.0,14.0,10.0,66.0,,,,,,,,2014-11-29,-6.5,Saturday
122,,,,,,,,,84.0,13.0,17.0,61.0,,,,,,,,2014-11-30,-8.5,Sunday
123,,,,,,,,,114.0,5.0,7.0,111.0,,,,,,,,2014-12-01,-6.4,Monday
124,,,,,,,,,155.0,19.0,20.0,105.0,,,,,,,,2014-12-02,-7.2,Tuesday
125,,,,,,,,,127.0,19.0,10.0,141.0,,,,,,,,2014-12-03,-3.8,Wednesday
126,,,,,,,,,180.0,20.0,13.0,134.0,,,,,,,,2014-12-04,-0.9,Thursday
127,,,,,,,,,164.0,22.0,15.0,126.0,,,,,,,,2014-12-05,-3.0,Friday
128,,,,,,,,,84.0,27.0,19.0,57.0,,,,,,,,2014-12-06,-2.4,Saturday
129,,,,,,,,,122.0,40.0,28.0,81.0,,,,,,,,2014-12-07,0.3,Sunday
130,,,,,,,,,151.0,20.0,13.0,137.0,,,,,,,,2014-12-08,0.9,Monday
131,,,,,,,,,211.0,42.0,18.0,162.0,,,15.0,,,,,2014-12-09,-4.2,Tuesday
132,,,,5.0,,,,,157.0,14.0,10.0,142.0,,273.0,31.0,,,,,2014-12-10,-6.5,Wednesday
133,,,,22.0,,,,,149.0,21.0,27.0,136.0,,289.0,34.0,,,,,2014-12-11,-2.3,Thursday
134,,,,3.0,,,,,162.0,31.0,25.0,127.0,,286.0,30.0,,,,,2014-12-12,0.1,Friday
135,,,,2.0,,,,,140.0,36.0,29.0,89.0,,247.0,16.0,,,,,2014-12-13,4.0,Saturday
136,,,,1.0,,,,,66.0,17.0,6.0,36.0,,91.0,4.0,,,,,2014-12-14,1.8,Sunday
137,,,,19.0,,,,,164.0,52.0,22.0,159.0,,387.0,29.0,,,,,2014-12-15,1.5,Monday
138,,,,31.0,,,,,169.0,21.0,25.0,132.0,,340.0,41.0,,,,,2014-12-16,2.9,Tuesday
139,,,,16.0,,,,,167.0,38.0,8.0,142.0,,313.0,28.0,,,,,2014-12-17,-0.4,Wednesday
140,,,,10.0,,,,,154.0,13.0,17.0,109.0,,290.0,20.0,,,,,2014-12-18,-0.8,Thursday
141,,,,2.0,,,,,100.0,15.0,11.0,88.0,,209.0,15.0,,,,,2014-12-19,5.5,Friday
142,,,,1.0,,,,,107.0,27.0,21.0,56.0,,161.0,11.0,,,,,2014-12-20,3.9,Saturday
143,,,,4.0,,,,,96.0,21.0,13.0,46.0,,134.0,7.0,,,,,2014-12-21,2.4,Sunday
144,,,,2.0,,,,,37.0,5.0,5.0,18.0,,108.0,8.0,,,,,2014-12-22,3.0,Monday
145,,,,4.0,,,,,29.0,3.0,4.0,15.0,,76.0,4.0,,,,,2014-12-23,7.0,Tuesday
146,,,,1.0,,,,,20.0,4.0,2.0,26.0,,55.0,5.0,,,,,2014-12-24,6.2,Wednesday
147,,,,0.0,,,,,47.0,24.0,7.0,12.0,,57.0,3.0,,,,,2014-12-25,3.3,Thursday
148,,,,0.0,,,,,12.0,2.0,3.0,4.0,,43.0,0.0,,,,,2014-12-26,-6.5,Friday
149,,,,1.0,,,,,6.0,2.0,6.0,5.0,,27.0,2.0,,,,,2014-12-27,-8.1,Saturday
150,,,,1.0,,,,,11.0,2.0,2.0,7.0,,42.0,0.0,,,,,2014-12-28,-9.8,Sunday
151,,,,0.0,,,,,26.0,8.0,5.0,26.0,,109.0,4.0,,,,,2014-12-29,-8.0,Monday
152,,,,0.0,,,,,32.0,8.0,7.0,41.0,,116.0,9.0,,,,,2014-12-30,-11.0,Tuesday
153,,,,2.0,,,,,40.0,2.0,10.0,35.0,,105.0,6.0,,,,,2014-12-31,-9.8,Wednesday
154,,,,3.0,,,,,41.0,14.0,9.0,25.0,,49.0,3.0,,,,,2015-01-01,-1.2,Thursday
155,,,,0.0,,,,,47.0,2.0,4.0,51.0,,105.0,1.0,,,,,2015-01-02,1.0,Friday
156,,,,3.0,,,,,78.0,19.0,16.0,53.0,,102.0,9.0,,,,,2015-01-03,1.4,Saturday
157,,,,7.0,,,,,99.0,33.0,10.0,51.0,,131.0,17.0,,,,,2015-01-04,0.7,Sunday
158,,,,1.0,,,,,112.0,26.0,21.0,87.0,,200.0,12.0,,,,,2015-01-05,-1.8,Monday
159,,,,3.0,,,,,45.0,27.0,25.0,35.0,,115.0,5.0,,,,,2015-01-06,-9.8,Tuesday
160,,,,0.0,,,,,46.0,12.0,8.0,52.0,,143.0,11.0,,,,,2015-01-07,-12.5,Wednesday
161,,,,2.0,,,,,53.0,9.0,7.0,68.0,,158.0,6.0,,,,,2015-01-08,-6.4,Thursday
162,,,,0.0,,,,,59.0,12.0,1.0,65.0,,136.0,10.0,,,,,2015-01-09,0.3,Friday
163,,,,0.0,,,,,76.0,13.0,1.0,38.0,,86.0,5.0,,,,,2015-01-10,3.7,Saturday
164,,,,0.0,,,,,64.0,15.0,13.0,40.0,,105.0,7.0,,,,,2015-01-11,3.1,Sunday
165,,,,3.0,,,,,68.0,13.0,10.0,66.0,,184.0,5.0,,,,,2015-01-12,2.7,Monday
166,,,,6.0,,,,,157.0,37.0,19.0,127.0,,266.0,15.0,,,,,2015-01-13,4.7,Tuesday
167,,,,8.0,,,,,127.0,18.0,11.0,125.0,,274.0,12.0,,,,,2015-01-14,5.3,Wednesday
168,,,,10.0,,,,,159.0,27.0,16.0,154.0,,298.0,16.0,,,,,2015-01-15,-0.2,Thursday
169,,,,5.0,,,,,260.0,58.0,32.0,168.0,,351.0,23.0,,,,,2015-01-16,0.9,Friday
170,,,,5.0,,,,,322.0,122.0,60.0,164.0,,436.0,23.0,,,,,2015-01-17,1.0,Saturday
171,,,,0.0,,,,,156.0,59.0,29.0,101.0,,198.0,14.0,,,,,2015-01-18,1.6,Sunday
172,,,,0.0,,,,,119.0,23.0,13.0,106.0,,218.0,22.0,,,,,2015-01-19,-4.8,Monday
173,,,,2.0,,,,,104.0,12.0,11.0,71.0,,180.0,9.0,,,,,2015-01-20,-0.4,Tuesday
174,,,,2.0,,,,,134.0,18.0,3.0,110.0,,244.0,14.0,,,,,2015-01-21,0.6,Wednesday
175,,,,1.0,,,,,148.0,35.0,16.0,106.0,,261.0,18.0,,,,,2015-01-22,0.6,Thursday
176,,,,0.0,,,,,64.0,5.0,5.0,53.0,,151.0,12.0,,,,,2015-01-23,0.5,Friday
177,,,,1.0,,,,,80.0,16.0,11.0,59.0,,122.0,7.0,,,,,2015-01-24,-0.3,Saturday
178,,,,1.0,,,,,63.0,20.0,15.0,34.0,,89.0,6.0,,,,,2015-01-25,-1.5,Sunday
179,,,,7.0,,,,,61.0,4.0,10.0,62.0,,172.0,9.0,,,,,2015-01-26,-2.0,Monday
180,,,,3.0,,,,,112.0,12.0,7.0,79.0,,201.0,12.0,,,,,2015-01-27,-3.4,Tuesday
181,,,,2.0,,,,,119.0,16.0,10.0,87.0,,172.0,7.0,,,,,2015-01-28,0.5,Wednesday
182,,,,7.0,,,,,123.0,11.0,10.0,81.0,,184.0,19.0,,,,,2015-01-29,-1.0,Thursday
183,,,,5.0,,,,,124.0,18.0,10.0,72.0,,187.0,20.0,,,,,2015-01-30,-2.5,Friday
184,,,,2.0,,,,,44.0,11.0,1.0,26.0,,66.0,2.0,,,,,2015-01-31,-0.7,Saturday
185,,,,3.0,,,,,136.0,50.0,37.0,66.0,,145.0,14.0,,,,,2015-02-01,-1.8,Sunday
186,,,,7.0,,,,,130.0,26.0,21.0,105.0,,206.0,11.0,,,,,2015-02-02,-5.8,Monday
187,,,,6.0,,,,,140.0,25.0,19.0,129.0,,229.0,22.0,,,,,2015-02-03,-2.5,Tuesday
188,,,,4.0,,,,,167.0,25.0,17.0,123.0,,253.0,19.0,,,,,2015-02-04,-5.3,Wednesday
189,,,,3.0,,,,,97.0,17.0,8.0,91.0,,191.0,14.0,,,,,2015-02-05,-2.2,Thursday
190,,,,4.0,,,,,156.0,13.0,15.0,86.0,,234.0,18.0,,,,,2015-02-06,-3.8,Friday
191,,,,6.0,,,,,67.0,9.0,2.0,50.0,,94.0,9.0,,,,,2015-02-07,-5.6,Saturday
192,,,,2.0,,,,,60.0,3.0,9.0,30.0,,72.0,7.0,,,,,2015-02-08,-2.5,Sunday
193,,,,4.0,,,,,74.0,6.0,5.0,58.0,,154.0,9.0,,,,,2015-02-09,-4.4,Monday
194,,,,5.0,,,,,84.0,7.0,13.0,88.0,,176.0,17.0,,,,,2015-02-10,1.0,Tuesday
195,,,,3.0,,,,,147.0,24.0,15.0,106.0,,226.0,16.0,,,,,2015-02-11,1.1,Wednesday
196,,,,4.0,,,,,154.0,26.0,24.0,138.0,,279.0,29.0,,,,,2015-02-12,0.8,Thursday
197,,,,3.0,,,,,221.0,53.0,30.0,165.0,,315.0,19.0,,,,,2015-02-13,-4.5,Friday
198,,,,8.0,,,,,442.0,190.0,86.0,260.0,,462.0,42.0,,,,,2015-02-14,-3.1,Saturday
199,,,,4.0,,,,,166.0,30.0,40.0,132.0,,198.0,20.0,,,,,2015-02-15,-3.0,Sunday
200,,,,3.0,,,,,148.0,13.0,20.0,170.0,,309.0,16.0,,,,,2015-02-16,-2.2,Monday
201,,,,5.0,,,,,151.0,21.0,13.0,143.0,,278.0,24.0,,,,,2015-02-17,-6.0,Tuesday
202,,,,2.0,,,,,171.0,15.0,21.0,166.0,,270.0,15.0,,,,,2015-02-18,-7.8,Wednesday
203,,,,7.0,,,,,114.0,18.0,15.0,121.0,,244.0,18.0,,,,,2015-02-19,-0.2,Thursday
204,,,,3.0,,,,,315.0,101.0,47.0,245.0,,348.0,30.0,,,,,2015-02-20,0.9,Friday
205,,,,9.0,,,,,338.0,118.0,74.0,223.0,,369.0,42.0,,,,,2015-02-21,-2.2,Saturday
206,,,,7.0,,,,,437.0,149.0,115.0,256.0,,470.0,47.0,,,,,2015-02-22,-3.9,Sunday
207,,,,11.0,,,,,235.0,50.0,46.0,261.0,,419.0,34.0,,,,,2015-02-23,-0.8,Monday
208,,,,6.0,,,,,241.0,34.0,40.0,243.0,,406.0,32.0,,,,,2015-02-24,3.6,Tuesday
209,,,,4.0,,,,,240.0,44.0,41.0,212.0,,402.0,33.0,,,,,2015-02-25,2.2,Wednesday
210,,,,3.0,,,,,187.0,32.0,38.0,189.0,,349.0,26.0,,,,,2015-02-26,4.2,Thursday
211,,,,4.0,,,,,271.0,39.0,30.0,251.0,,391.0,41.0,,,,,2015-02-27,4.6,Friday
212,,,,7.0,,,,,322.0,112.0,76.0,183.0,,377.0,39.0,,,,,2015-02-28,2.9,Saturday
213,,,,14.0,,,,,513.0,187.0,139.0,355.0,,581.0,68.0,,,,,2015-03-01,-3.8,Sunday
214,,,,2.0,,,,,200.0,31.0,37.0,200.0,,397.0,37.0,,,,,2015-03-02,2.8,Monday
215,,,,4.0,,,,,175.0,16.0,27.0,164.0,,338.0,21.0,,,,,2015-03-03,1.1,Tuesday
216,,,,1.0,,,,,138.0,25.0,26.0,89.0,,237.0,14.0,,,,,2015-03-04,-1.9,Wednesday
217,,,,6.0,,,,,171.0,25.0,26.0,180.0,,331.0,16.0,,,,,2015-03-05,-0.5,Thursday
218,,,,10.0,,,,,217.0,35.0,35.0,190.0,,325.0,25.0,,,,,2015-03-06,-2.5,Friday
219,,,,9.0,,,,,184.0,77.0,49.0,149.0,,296.0,20.0,,,,,2015-03-07,-0.3,Saturday
220,,,,30.0,,,,,639.0,310.0,207.0,451.0,,748.0,83.0,,,,,2015-03-08,3.2,Sunday
221,,,,13.0,,,,,477.0,112.0,97.0,388.0,,779.0,53.0,,,,,2015-03-09,5.4,Monday
222,,,,29.0,,,,,637.0,176.0,161.0,503.0,,977.0,77.0,,,,,2015-03-10,-2.1,Tuesday
223,,,,21.0,,,,,327.0,41.0,56.0,259.0,,559.0,28.0,,,,,2015-03-11,-0.2,Wednesday
224,,,,15.0,,,,,374.0,66.0,60.0,356.0,,625.0,42.0,,,,,2015-03-12,-0.4,Thursday
225,,,,9.0,,,,,148.0,11.0,19.0,158.0,,294.0,20.0,,,,,2015-03-13,2.2,Friday
226,,,,3.0,,,,,66.0,10.0,13.0,50.0,,160.0,12.0,,,,,2015-03-14,2.2,Saturday
227,,,,16.0,,,,,454.0,132.0,137.0,270.0,,508.0,46.0,,,,,2015-03-15,3.9,Sunday
228,,,,22.0,,,,,485.0,62.0,113.0,415.0,,838.0,58.0,,,,,2015-03-16,4.3,Monday
229,,,,25.0,,,,,658.0,128.0,136.0,538.0,,1100.0,66.0,,,,,2015-03-17,1.8,Tuesday
230,,,,22.0,,,,,587.0,99.0,142.0,476.0,,948.0,66.0,,,,,2015-03-18,-0.2,Wednesday
231,,,,25.0,,,,,617.0,160.0,155.0,488.0,,1041.0,76.0,,,,,2015-03-19,-1.3,Thursday
232,,,,28.0,,,,,604.0,168.0,177.0,465.0,,932.0,73.0,,,,,2015-03-20,-3.0,Friday
233,,,,44.0,,,,,1059.0,494.0,407.0,760.0,,1227.0,101.0,,,,,2015-03-21,1.5,Saturday
234,,,,6.0,,,,,269.0,85.0,86.0,182.0,,416.0,29.0,,,,,2015-03-22,-2.4,Sunday
235,,,,18.0,,,,,426.0,83.0,92.0,344.0,,744.0,56.0,,,,,2015-03-23,-5.6,Monday
236,,,,40.0,,,,,730.0,183.0,192.0,644.0,,1176.0,89.0,,,,,2015-03-24,-3.5,Tuesday
237,,,,44.0,,,,,866.0,243.0,243.0,744.0,,1464.0,103.0,,,,,2015-03-25,1.4,Wednesday
238,,,,31.0,,,,,410.0,71.0,89.0,406.0,,788.0,71.0,,,,,2015-03-26,8.6,Thursday
239,,,,18.0,,,,,498.0,85.0,117.0,425.0,,876.0,65.0,,,,,2015-03-27,6.7,Friday
240,,,,22.0,,,,,367.0,103.0,121.0,299.0,,609.0,48.0,,,,,2015-03-28,4.2,Saturday
241,,,,43.0,,,,,962.0,443.0,364.0,693.0,,1299.0,114.0,,,,,2015-03-29,3.1,Sunday
242,,,,13.0,,,,,200.0,25.0,33.0,189.0,,414.0,29.0,,,,,2015-03-30,5.1,Monday
243,,,,15.0,,,,,194.0,14.0,35.0,194.0,,426.0,23.0,,,,,2015-03-31,1.9,Tuesday
244,,,,6.0,,,,,114.0,12.0,21.0,113.0,,217.0,14.0,,,,,2015-04-01,2.4,Wednesday
245,,,,18.0,,,,,200.0,32.0,49.0,199.0,,417.0,18.0,,,,,2015-04-02,0.9,Thursday
246,,,,11.0,,,,,152.0,45.0,29.0,120.0,,285.0,21.0,,,,,2015-04-03,-0.6,Friday
247,,,,12.0,,,,,206.0,56.0,55.0,139.0,,234.0,26.0,,,,,2015-04-04,-0.1,Saturday
248,,,,4.0,,,,,27.0,24.0,13.0,30.0,,74.0,8.0,,,,,2015-04-05,-0.1,Sunday
249,,,,19.0,,,,,221.0,96.0,61.0,128.0,,262.0,41.0,,,,,2015-04-06,0.5,Monday
250,,,,15.0,,,,,440.0,113.0,88.0,327.0,,678.0,47.0,,,,,2015-04-07,-0.1,Tuesday
251,,,,31.0,,,,,608.0,104.0,131.0,460.0,,987.0,56.0,,,,,2015-04-08,5.0,Wednesday
252,,,,49.0,,,,,872.0,249.0,273.0,673.0,,1441.0,99.0,,,,,2015-04-09,0.3,Thursday
253,,,,56.0,,,,,1172.0,346.0,354.0,895.0,,1761.0,130.0,,,,,2015-04-10,0.2,Friday
254,,,,123.0,,,,,2779.0,1476.0,1020.0,1906.0,,3132.0,239.0,,,,,2015-04-11,3.9,Saturday
255,,,,84.0,,,,,1454.0,698.0,542.0,924.0,,1825.0,176.0,,,,,2015-04-12,7.7,Sunday
256,,,,17.0,,,,,380.0,26.0,93.0,424.0,,859.0,43.0,,,,,2015-04-13,3.0,Monday
257,,,,28.0,,,,,550.0,78.0,116.0,491.0,,1033.0,54.0,,,,,2015-04-14,1.9,Tuesday
258,,,,40.0,,,,,566.0,81.0,120.0,540.0,,912.0,78.0,,,,,2015-04-15,7.1,Wednesday
259,,,,61.0,,,,,996.0,248.0,267.0,812.0,,1515.0,109.0,,,,,2015-04-16,9.5,Thursday
260,,,,48.0,,,,,704.0,126.0,145.0,619.0,,1125.0,80.0,,,,,2015-04-17,3.2,Friday
261,,,,33.0,,,,,306.0,104.0,73.0,276.0,,456.0,36.0,,,,,2015-04-18,0.4,Saturday
262,,,,28.0,,,,,336.0,116.0,124.0,276.0,,482.0,58.0,,,,,2015-04-19,1.4,Sunday
263,,,,40.0,,,,,586.0,90.0,141.0,488.0,,1069.0,67.0,,,,,2015-04-20,4.6,Monday
264,,,,89.0,,,,,957.0,206.0,278.0,791.0,,1506.0,129.0,,,,,2015-04-21,0.4,Tuesday
265,,,,123.0,,,,,1275.0,361.0,382.0,1017.0,,2010.0,199.0,,,,,2015-04-22,3.1,Wednesday
266,,,,120.0,,,,,1253.0,345.0,397.0,1043.0,,1974.0,207.0,,,,,2015-04-23,1.5,Thursday
267,,,,124.0,,,,,1462.0,467.0,445.0,1286.0,,2260.0,210.0,,,,,2015-04-24,7.9,Friday
268,,,,203.0,,,,,3186.0,1712.0,1258.0,2169.0,,3575.0,348.0,,,,,2015-04-25,5.1,Saturday
269,,,,72.0,,,,,776.0,299.0,163.0,531.0,,971.0,121.0,,,,,2015-04-26,12.6,Sunday
270,,,,174.0,,,,,1814.0,632.0,494.0,1436.0,,2449.0,275.0,,,,,2015-04-27,6.4,Monday
271,,,,99.0,,,,,794.0,142.0,190.0,713.0,,1466.0,171.0,,,,,2015-04-28,12.8,Tuesday
272,,,,89.0,,,,,717.0,162.0,204.0,592.0,,1180.0,141.0,,,,,2015-04-29,4.2,Wednesday
273,,,,134.0,,,,,974.0,187.0,249.0,831.0,,1585.0,199.0,,,,,2015-04-30,2.3,Thursday
274,,,,78.0,,,,,865.0,368.0,385.0,536.0,,946.0,120.0,,,,,2015-05-01,6.6,Friday
275,,,,160.0,,,,,2120.0,927.0,965.0,1468.0,,2352.0,251.0,,,,,2015-05-02,1.7,Saturday
276,,,,244.0,,,,,3199.0,1527.0,1475.0,2039.0,,3287.0,407.0,,,,,2015-05-03,4.0,Sunday
277,,,,102.0,,,,,711.0,157.0,205.0,706.0,,1251.0,169.0,,,,,2015-05-04,7.5,Monday
278,,,,219.0,,,,,1844.0,505.0,462.0,1446.0,,2509.0,340.0,,,,,2015-05-05,7.4,Tuesday
279,,,,56.0,,,,,318.0,70.0,69.0,345.0,,624.0,76.0,,,,,2015-05-06,15.1,Wednesday
280,,,,185.0,,,,,1599.0,430.0,514.0,1297.0,,2365.0,267.0,,,,,2015-05-07,8.0,Thursday
281,,,,210.0,,,,,1634.0,424.0,494.0,1444.0,,2520.0,302.0,,,,,2015-05-08,6.9,Friday
282,,,,219.0,,,,,2479.0,1347.0,1120.0,2163.0,,2922.0,340.0,,,,,2015-05-09,9.5,Saturday
283,,,,65.0,,,,,477.0,178.0,221.0,362.0,,622.0,77.0,,,,,2015-05-10,11.3,Sunday
284,,,,155.0,,,,,1072.0,249.0,267.0,910.0,,1752.0,225.0,,,,,2015-05-11,8.5,Monday
285,,,,231.0,,,,,1914.0,498.0,554.0,1496.0,,2822.0,332.0,,,,,2015-05-12,4.7,Tuesday
286,,,,147.0,,,,,1198.0,282.0,334.0,1065.0,,1889.0,200.0,,,,,2015-05-13,10.9,Wednesday
287,,,,105.0,,,,,743.0,130.0,228.0,722.0,,1253.0,149.0,,,,,2015-05-14,9.1,Thursday
288,,,,120.0,,,,,885.0,183.0,245.0,914.0,,1514.0,173.0,,,,,2015-05-15,6.7,Friday
289,,,,197.0,,,,,2611.0,1254.0,1307.0,1962.0,,2678.0,349.0,,,,,2015-05-16,2.2,Saturday
290,,,,71.0,,,,,796.0,333.0,300.0,472.0,,861.0,111.0,,,,,2015-05-17,9.6,Sunday
291,,,,164.0,,,,,1328.0,332.0,476.0,1102.0,,1975.0,252.0,,,,,2015-05-18,7.2,Monday
292,,,,141.0,,,,,1201.0,258.0,321.0,1022.0,,1941.0,213.0,,,,,2015-05-19,8.9,Tuesday
293,,,,148.0,,,,,851.0,146.0,214.0,682.0,,1401.0,193.0,,,,,2015-05-20,13.7,Wednesday
294,,,,114.0,,,,,724.0,127.0,172.0,600.0,,1137.0,167.0,,,,,2015-05-21,9.8,Thursday
295,,,,188.0,,,,,1609.0,444.0,450.0,1203.0,,2245.0,268.0,,,,,2015-05-22,10.9,Friday
296,,,,114.0,,,,,963.0,350.0,409.0,750.0,,1233.0,157.0,,,,,2015-05-23,9.0,Saturday
297,,,,305.0,,,,,3144.0,1650.0,1732.0,2132.0,,3312.0,463.0,,,,,2015-05-24,10.3,Sunday
298,,,,135.0,,,,,820.0,142.0,230.0,800.0,,1604.0,199.0,,,,,2015-05-25,11.3,Monday
299,,,,94.0,,,,,611.0,92.0,115.0,597.0,,1213.0,133.0,,,,,2015-05-26,11.5,Tuesday
300,,,,96.0,,,,,728.0,158.0,203.0,660.0,,1192.0,166.0,,,,,2015-05-27,8.1,Wednesday
301,,,,176.0,,,,,1310.0,331.0,412.0,1179.0,,2042.0,272.0,,,,,2015-05-28,7.2,Thursday
302,,,3374.0,204.0,,1364.0,1189.0,,1645.0,517.0,583.0,1564.0,,2491.0,312.0,,,,,2015-05-29,4.7,Friday
303,,,2536.0,230.0,,1275.0,1163.0,,2290.0,1146.0,1529.0,1817.0,,2465.0,339.0,,,,,2015-05-30,12.0,Saturday
304,,,3214.0,284.0,,1576.0,1371.0,,3450.0,1730.0,1636.0,2491.0,,3358.0,434.0,,,,,2015-05-31,10.8,Sunday
305,,,4120.0,249.0,,1599.0,1330.0,,1925.0,575.0,663.0,1595.0,,2918.0,376.0,,,,,2015-06-01,9.6,Monday
306,,,4403.0,290.0,,1767.0,1418.0,,2177.0,746.0,878.0,1857.0,,3165.0,406.0,,,,,2015-06-02,15.1,Tuesday
307,,,4161.0,240.0,,1784.0,1349.0,,1913.0,616.0,755.0,1748.0,,2937.0,373.0,,,,,2015-06-03,15.4,Wednesday
308,,,3522.0,355.0,,1920.0,1421.0,,4640.0,2564.0,2162.0,3346.0,,4280.0,616.0,,,,,2015-06-04,12.6,Thursday
309,,,2846.0,279.0,,,1344.0,,2362.0,1030.0,1092.0,1896.0,,2787.0,378.0,,,,,2015-06-05,10.0,Friday
310,,,2414.0,247.0,,1434.0,1142.0,,3023.0,1461.0,1370.0,2398.0,,2859.0,413.0,,,,,2015-06-06,12.0,Saturday
311,,,2514.0,235.0,,1547.0,1154.0,,2945.0,1612.0,1443.0,2057.0,,3133.0,418.0,,,,,2015-06-07,15.2,Sunday
312,,,3385.0,211.0,,1411.0,1162.0,,1380.0,370.0,433.0,1267.0,,2395.0,360.0,,,,,2015-06-08,13.4,Monday
313,,,3133.0,172.0,,1277.0,988.0,,1133.0,209.0,287.0,1137.0,,2057.0,282.0,,,,,2015-06-09,13.0,Tuesday
314,,,3626.0,221.0,,1413.0,1171.0,,1779.0,476.0,583.0,1533.0,,2654.0,358.0,,,,,2015-06-10,12.7,Wednesday
315,,,4407.0,282.0,,1829.0,1423.0,,2220.0,696.0,939.0,1954.0,,3317.0,454.0,,,,,2015-06-11,11.5,Thursday
316,,,4092.0,317.0,,1836.0,1477.0,,2141.0,674.0,657.0,1845.0,,3093.0,420.0,,,,,2015-06-12,9.6,Friday
317,,,3176.0,278.0,,1542.0,1332.0,,3110.0,1706.0,1500.0,2478.0,,3367.0,436.0,,,,,2015-06-13,16.9,Saturday
318,,,2647.0,236.0,,1415.0,1205.0,,2910.0,1684.0,1467.0,2154.0,,3087.0,399.0,,,,,2015-06-14,18.1,Sunday
319,,,2609.0,202.0,,1081.0,961.0,,1176.0,381.0,427.0,980.0,,1762.0,264.0,,,,,2015-06-15,15.6,Monday
320,,,3970.0,245.0,,1672.0,1287.0,,1818.0,529.0,636.0,1686.0,,2816.0,404.0,,,,,2015-06-16,8.4,Tuesday
321,,,4080.0,293.0,,1727.0,1331.0,,1974.0,527.0,633.0,1838.0,,3012.0,452.0,,,,,2015-06-17,10.1,Wednesday
322,,,3089.0,212.0,,,1097.0,,1368.0,261.0,451.0,1243.0,,2170.0,301.0,,,,,2015-06-18,8.7,Thursday
323,,,2189.0,141.0,,927.0,795.0,,976.0,299.0,357.0,1014.0,,1529.0,225.0,,,,,2015-06-19,12.7,Friday
324,,,1663.0,176.0,,959.0,991.0,,2047.0,781.0,785.0,1341.0,,2179.0,293.0,,,,,2015-06-20,6.6,Saturday
325,,,2700.0,249.0,,1124.0,1124.0,,3018.0,1478.0,1603.0,2222.0,,2830.0,377.0,,,,,2015-06-21,10.9,Sunday
326,,,3424.0,231.0,,1502.0,1238.0,,1421.0,333.0,491.0,1353.0,,2490.0,348.0,,,,,2015-06-22,8.8,Monday
327,,,2129.0,121.0,,845.0,651.0,,728.0,125.0,157.0,721.0,,1381.0,180.0,,,,,2015-06-23,12.9,Tuesday
328,,,3730.0,230.0,,1497.0,1169.0,,1655.0,546.0,679.0,1666.0,,2652.0,362.0,,,,,2015-06-24,8.3,Wednesday
329,,,4074.0,284.0,,1717.0,1326.0,,1964.0,540.0,785.0,1827.0,,2990.0,423.0,,,,,2015-06-25,9.6,Thursday
330,,,3088.0,251.0,,1513.0,1109.0,,1652.0,499.0,554.0,1451.0,,2506.0,334.0,,,,,2015-06-26,10.9,Friday
331,,,2269.0,249.0,,1350.0,1137.0,,2538.0,1279.0,1513.0,2424.0,,2753.0,407.0,,,,,2015-06-27,12.0,Saturday
332,,,2827.0,300.0,,1536.0,1276.0,,3667.0,2017.0,1996.0,2637.0,,3517.0,473.0,,,,,2015-06-28,12.0,Sunday
333,,,2760.0,217.0,,1146.0,966.0,,1153.0,238.0,352.0,1029.0,,1875.0,281.0,,,,,2015-06-29,16.3,Monday
334,,,4268.0,299.0,,1780.0,1375.0,,2260.0,687.0,873.0,1888.0,,3083.0,435.0,,,,,2015-06-30,11.2,Tuesday
335,,,4547.0,360.0,,1955.0,1501.0,,2617.0,853.0,1039.0,2285.0,,3439.0,513.0,,,,,2015-07-01,14.0,Wednesday
336,,,4511.0,323.0,,1988.0,1490.0,,2638.0,855.0,1110.0,2221.0,,3659.0,467.0,,,,,2015-07-02,15.4,Thursday
337,,,3869.0,279.0,,1833.0,1373.0,,2338.0,762.0,871.0,2103.0,,3292.0,451.0,,,,,2015-07-03,16.2,Friday
338,,,2197.0,230.0,,1205.0,1076.0,,2600.0,1368.0,1306.0,2204.0,,2793.0,341.0,,,,,2015-07-04,14.3,Saturday
339,,,2227.0,174.0,,1226.0,940.0,,2586.0,1428.0,1403.0,2035.0,,2757.0,303.0,,,,,2015-07-05,15.5,Sunday
340,,,3396.0,233.0,,1592.0,1249.0,,1626.0,514.0,602.0,1438.0,,2620.0,352.0,,,,,2015-07-06,17.5,Monday
341,,,4565.0,291.0,,1901.0,1398.0,,2424.0,856.0,1069.0,2257.0,,3366.0,505.0,,,,,2015-07-07,13.5,Tuesday
342,,,2114.0,149.0,,946.0,788.0,,922.0,200.0,276.0,861.0,,1484.0,216.0,,,,,2015-07-08,18.1,Wednesday
343,,,2686.0,180.0,,1253.0,985.0,,1206.0,333.0,406.0,1119.0,,1993.0,265.0,,,,,2015-07-09,14.2,Thursday
344,,,1999.0,106.0,,912.0,714.0,,723.0,128.0,170.0,740.0,,1239.0,159.0,,,,,2015-07-10,11.7,Friday
345,,,1237.0,135.0,,786.0,885.0,,1182.0,555.0,635.0,988.0,,1449.0,228.0,,,,,2015-07-11,11.9,Saturday
346,,,2710.0,264.0,,1370.0,1389.0,,3275.0,1840.0,1890.0,2652.0,,3191.0,418.0,,,,,2015-07-12,11.6,Sunday
347,,,2355.0,174.0,,1020.0,831.0,,955.0,337.0,376.0,914.0,,1618.0,231.0,,,,,2015-07-13,15.4,Monday
348,,,3006.0,216.0,,1291.0,1078.0,,1498.0,519.0,580.0,1390.0,,2105.0,335.0,,,,,2015-07-14,15.2,Tuesday
349,,,3596.0,237.0,,1673.0,1260.0,,1962.0,643.0,771.0,1751.0,,2609.0,415.0,,,,,2015-07-15,13.8,Wednesday
350,,,4042.0,299.0,,1829.0,1313.0,,2296.0,828.0,949.0,2156.0,,3119.0,483.0,,,,,2015-07-16,12.2,Thursday
351,,,3596.0,289.0,,1749.0,1387.0,,2092.0,796.0,908.0,2058.0,,2902.0,389.0,,,,,2015-07-17,13.1,Friday
352,,,1924.0,212.0,,1152.0,1135.0,,2307.0,1104.0,1554.0,2117.0,,2472.0,326.0,,,,,2015-07-18,15.9,Saturday
353,,,2021.0,228.0,,1179.0,1112.0,,2477.0,1438.0,1266.0,1963.0,,2334.0,358.0,,,,,2015-07-19,17.7,Sunday
354,,,3141.0,203.0,,1262.0,1091.0,,1443.0,534.0,661.0,1293.0,,2198.0,299.0,,,,,2015-07-20,16.8,Monday
355,,,3977.0,275.0,,1686.0,1446.0,,1695.0,744.0,804.0,1925.0,,3025.0,434.0,,,,,2015-07-21,10.9,Tuesday
356,,,4148.0,289.0,,1828.0,1452.0,,2065.0,876.0,1085.0,2312.0,,3269.0,454.0,,,,,2015-07-22,17.6,Wednesday
357,,,3339.0,199.0,,1534.0,1227.0,,1609.0,579.0,857.0,1668.0,,2510.0,327.0,,,,,2015-07-23,20.3,Thursday
358,,,3543.0,263.0,,1625.0,1309.0,,2027.0,691.0,804.0,2283.0,,2757.0,413.0,,,,,2015-07-24,16.7,Friday
359,,,1441.0,157.0,,825.0,878.0,,1417.0,679.0,864.0,1346.0,,1578.0,215.0,,,,,2015-07-25,18.8,Saturday
360,,,1448.0,149.0,,823.0,788.0,,1579.0,741.0,901.0,1241.0,,1588.0,222.0,,,,,2015-07-26,15.9,Sunday
361,,,3154.0,214.0,,1441.0,1110.0,,1419.0,353.0,430.0,1324.0,,2182.0,305.0,,,,,2015-07-27,10.0,Monday
362,,,2912.0,189.0,,1336.0,1036.0,,1395.0,290.0,427.0,1216.0,,2044.0,262.0,,,,,2015-07-28,14.9,Tuesday
363,,,3436.0,245.0,,1586.0,1239.0,,1902.0,628.0,778.0,1677.0,,2640.0,357.0,,,,,2015-07-29,13.0,Wednesday
364,,,3398.0,205.0,,1624.0,1160.0,,1692.0,497.0,738.0,1620.0,,2513.0,314.0,,,,,2015-07-30,12.3,Thursday
365,,,2873.0,197.0,,1460.0,1164.0,,1396.0,396.0,546.0,1389.0,,2177.0,283.0,,,,,2015-07-31,10.5,Friday
366,,,2209.0,246.0,,1542.0,1257.0,,3158.0,1740.0,1739.0,2532.0,,3236.0,434.0,,,,,2015-08-01,7.1,Saturday
367,,,2708.0,312.0,,1698.0,1253.0,,4775.0,2961.0,2082.0,3433.0,,4027.0,507.0,,,,,2015-08-02,12.4,Sunday
368,,,3803.0,250.0,,1851.0,1344.0,,2091.0,1788.0,1124.0,2249.0,,3039.0,397.0,,,,,2015-08-03,17.3,Monday
369,,,,263.0,,1954.0,1388.0,,2255.0,1682.0,1216.0,2572.0,,3213.0,408.0,,,,,2015-08-04,19.0,Tuesday
370,,,3859.0,273.0,,1832.0,1324.0,,1949.0,1407.0,1043.0,2280.0,,2965.0,447.0,,,,,2015-08-05,19.4,Wednesday
371,,,3685.0,232.0,,1692.0,1231.0,,1779.0,1297.0,962.0,2118.0,,2809.0,348.0,,,,,2015-08-06,17.5,Thursday
372,,,3013.0,255.0,,1472.0,1120.0,,1511.0,1030.0,589.0,1772.0,,2402.0,348.0,,,,,2015-08-07,21.1,Friday
373,,,1478.0,156.0,,960.0,899.0,,1605.0,1330.0,883.0,1876.0,,2029.0,224.0,,,,,2015-08-08,21.6,Saturday
374,,,1544.0,177.0,,972.0,942.0,,1830.0,1620.0,1123.0,1674.0,,1899.0,268.0,,,,,2015-08-09,22.8,Sunday
375,,,3598.0,257.0,,1663.0,1286.0,,1749.0,1248.0,862.0,1825.0,,2705.0,415.0,,,,,2015-08-10,19.6,Monday
376,,,3928.0,288.0,,1795.0,1266.0,,1874.0,1332.0,868.0,2069.0,,2912.0,402.0,,,,,2015-08-11,19.6,Tuesday
377,,,3715.0,255.0,,1788.0,1292.0,,2069.0,1261.0,813.0,2265.0,,2920.0,411.0,,,,,2015-08-12,19.4,Wednesday
378,,,3411.0,228.0,,1687.0,1311.0,,1754.0,1198.0,830.0,1883.0,,2708.0,348.0,,,,,2015-08-13,20.8,Thursday
379,,,2638.0,229.0,,1487.0,1238.0,,1731.0,1251.0,817.0,1703.0,,2440.0,318.0,,,,,2015-08-14,18.0,Friday
380,,,2107.0,213.0,,1401.0,944.0,,2919.0,2225.0,1509.0,2588.0,,2662.0,330.0,,,,,2015-08-15,16.8,Saturday
381,,,1931.0,244.0,,1156.0,1000.0,,2605.0,2203.0,1375.0,2006.0,,2607.0,380.0,,,,,2015-08-16,17.2,Sunday
382,,,3355.0,257.0,,1782.0,1293.0,,1987.0,1254.0,794.0,1729.0,,2669.0,410.0,,,,,2015-08-17,17.9,Monday
383,,,3957.0,325.0,,1913.0,1432.0,,2146.0,1503.0,1051.0,2187.0,,3074.0,479.0,,,,,2015-08-18,15.3,Tuesday
384,,,4052.0,293.0,,1864.0,1405.0,,2259.0,1398.0,967.0,1931.0,,2991.0,446.0,,,,,2015-08-19,11.9,Wednesday
385,,,3847.0,246.0,,1790.0,1421.0,,1961.0,1374.0,907.0,1969.0,,2921.0,406.0,,,,,2015-08-20,11.2,Thursday
386,,,3345.0,234.0,,1654.0,1290.0,,1735.0,1282.0,770.0,1732.0,,2525.0,350.0,,,,,2015-08-21,11.6,Friday
387,,,1867.0,224.0,,1184.0,1179.0,,2466.0,1855.0,1324.0,1992.0,,2420.0,357.0,,,,,2015-08-22,13.9,Saturday
388,,,2549.0,257.0,,1531.0,1371.0,,3635.0,2661.0,1860.0,2802.0,,3369.0,461.0,,,,,2015-08-23,13.9,Sunday
389,,,3809.0,314.0,,1773.0,1396.0,,1760.0,1289.0,839.0,1889.0,,2865.0,404.0,,,,,2015-08-24,14.8,Monday
390,,,2382.0,143.0,,1114.0,862.0,,770.0,375.0,332.0,920.0,,1641.0,238.0,,,,,2015-08-25,14.7,Tuesday
391,,,3920.0,289.0,,1852.0,1397.0,,1949.0,1398.0,1065.0,1996.0,,2894.0,450.0,,,,,2015-08-26,11.0,Wednesday
392,,,4022.0,317.0,,1836.0,1392.0,,1911.0,1308.0,977.0,2096.0,,3005.0,436.0,,,,,2015-08-27,13.0,Thursday
393,,,3271.0,263.0,,1589.0,1310.0,,1519.0,929.0,667.0,1630.0,,2632.0,367.0,,,,,2015-08-28,17.1,Friday
394,,,2289.0,264.0,,1449.0,1245.0,,3066.0,2366.0,1680.0,2535.0,,3147.0,403.0,,,,,2015-08-29,15.6,Saturday
395,,,2573.0,273.0,,1630.0,1395.0,,3695.0,2879.0,1898.0,2737.0,,3556.0,501.0,,,,,2015-08-30,11.0,Sunday
396,,,3919.0,260.0,,1812.0,1389.0,,1653.0,1086.0,934.0,1828.0,,2868.0,453.0,,,,,2015-08-31,18.6,Monday
397,,,4072.0,233.0,,1910.0,1396.0,,1825.0,1066.0,978.0,2075.0,,2943.0,431.0,,,,,2015-09-01,17.8,Tuesday
398,,,3254.0,175.0,,1532.0,1127.0,,1063.0,556.0,455.0,1240.0,,2120.0,324.0,,,,,2015-09-02,16.7,Wednesday
399,,,3558.0,231.0,,1680.0,1281.0,,1476.0,923.0,674.0,1506.0,,2624.0,420.0,,,,,2015-09-03,11.3,Thursday
400,,,1725.0,114.0,,870.0,782.0,,661.0,378.0,263.0,740.0,,1266.0,196.0,,,,,2015-09-04,12.4,Friday
401,,,2113.0,178.0,,1253.0,1213.0,,2330.0,1747.0,1159.0,1949.0,,2471.0,329.0,,,,,2015-09-05,10.3,Saturday
402,,,1086.0,103.0,,671.0,613.0,,1063.0,809.0,510.0,885.0,,1186.0,178.0,,,,,2015-09-06,9.7,Sunday
403,,,875.0,39.0,,413.0,361.0,,214.0,86.0,60.0,270.0,,583.0,58.0,,,,,2015-09-07,9.8,Monday
404,,,1728.0,95.0,,693.0,546.0,,535.0,257.0,175.0,572.0,,1052.0,134.0,,,,,2015-09-08,9.5,Tuesday
405,,,2353.0,112.0,,1090.0,952.0,,1003.0,564.0,321.0,1054.0,,1638.0,242.0,,,,,2015-09-09,8.2,Wednesday
406,,,2942.0,184.0,,1345.0,1014.0,,1459.0,718.0,464.0,1318.0,,2015.0,297.0,,,,,2015-09-10,9.6,Thursday
407,,,2719.0,134.0,,1198.0,980.0,,1170.0,496.0,351.0,1151.0,,1816.0,246.0,,,,,2015-09-11,11.6,Friday
408,,,483.0,43.0,,368.0,390.0,,395.0,171.0,155.0,327.0,,474.0,72.0,,,,,2015-09-12,12.1,Saturday
409,,,1514.0,124.0,,795.0,650.0,,2007.0,1431.0,854.0,1140.0,,1643.0,265.0,,,,,2015-09-13,10.5,Sunday
410,,,2688.0,153.0,,1141.0,917.0,,1001.0,552.0,327.0,1063.0,,1789.0,254.0,,,,,2015-09-14,10.4,Monday
411,,,3202.0,233.0,,1362.0,1097.0,,1338.0,959.0,603.0,1404.0,,2158.0,343.0,,,,,2015-09-15,14.6,Tuesday
412,,,3330.0,241.0,,1531.0,1224.0,,1503.0,1054.0,669.0,1568.0,,2393.0,355.0,,,,,2015-09-16,16.4,Wednesday
413,,,3651.0,295.0,,1799.0,1342.0,,1699.0,1341.0,829.0,1693.0,,2828.0,426.0,,,,,2015-09-17,17.4,Thursday
414,,,2666.0,179.0,,1243.0,977.0,,1048.0,620.0,381.0,1101.0,,1906.0,257.0,,,,,2015-09-18,15.7,Friday
415,,,2079.0,249.0,,1256.0,1458.0,,2576.0,1886.0,1145.0,1781.0,,2520.0,351.0,,,,,2015-09-19,13.7,Saturday
416,,,1441.0,119.0,,832.0,885.0,,1428.0,1106.0,699.0,1071.0,,1533.0,225.0,,,,,2015-09-20,11.9,Sunday
417,,,2196.0,134.0,,994.0,811.0,,740.0,331.0,221.0,818.0,,1494.0,217.0,,,,,2015-09-21,8.3,Monday
418,,,2543.0,197.0,,1078.0,845.0,,1063.0,630.0,348.0,987.0,,1787.0,315.0,,,,,2015-09-22,5.7,Tuesday
419,,,2926.0,218.0,,1224.0,1032.0,,1222.0,833.0,474.0,1249.0,,2034.0,330.0,,,,,2015-09-23,10.1,Wednesday
420,,,2914.0,234.0,,1311.0,1075.0,,1323.0,902.0,486.0,1252.0,,2125.0,328.0,,,,,2015-09-24,12.7,Thursday
421,,,2263.0,168.0,,1073.0,885.0,,986.0,486.0,294.0,984.0,,1607.0,262.0,,,,,2015-09-25,13.7,Friday
422,,,370.0,54.0,,277.0,296.0,,235.0,150.0,60.0,189.0,,385.0,70.0,,,,,2015-09-26,12.5,Saturday
423,,,1312.0,163.0,,770.0,748.0,,1672.0,1068.0,615.0,1096.0,,1665.0,267.0,,,,,2015-09-27,7.4,Sunday
424,,,2481.0,154.0,,1029.0,781.0,,844.0,462.0,218.0,940.0,,1469.0,241.0,,,,,2015-09-28,5.3,Monday
425,,,2548.0,168.0,,966.0,798.0,,843.0,396.0,262.0,896.0,,1536.0,234.0,,,,,2015-09-29,7.6,Tuesday
426,,,2467.0,146.0,,1068.0,831.0,,890.0,513.0,321.0,938.0,,1564.0,229.0,,,,,2015-09-30,8.8,Wednesday
427,,,2486.0,174.0,,1011.0,814.0,0.0,942.0,481.0,317.0,903.0,,1577.0,238.0,0.0,0.0,,,2015-10-01,1.3,Thursday
428,,,2412.0,148.0,,982.0,818.0,0.0,904.0,470.0,248.0,912.0,,1495.0,227.0,0.0,0.0,,,2015-10-02,2.5,Friday
429,,,1670.0,170.0,,910.0,899.0,0.0,1704.0,1481.0,883.0,1093.0,,1818.0,281.0,0.0,0.0,,,2015-10-03,1.6,Saturday
430,,,2098.0,206.0,,1096.0,968.0,0.0,2483.0,1968.0,1170.0,1661.0,,2294.0,335.0,0.0,0.0,,,2015-10-04,8.8,Sunday
431,,,2972.0,192.0,,1169.0,864.0,0.0,1139.0,718.0,401.0,1075.0,,1716.0,286.0,0.0,0.0,,,2015-10-05,9.8,Monday
432,,,2516.0,167.0,,1008.0,818.0,0.0,831.0,368.0,255.0,770.0,,1391.0,226.0,0.0,0.0,,,2015-10-06,9.5,Tuesday
433,,,2276.0,119.0,,761.0,629.0,0.0,682.0,286.0,169.0,709.0,,1168.0,167.0,0.0,0.0,,,2015-10-07,3.3,Wednesday
434,,,2094.0,109.0,,728.0,608.0,0.0,659.0,264.0,164.0,626.0,,1069.0,145.0,0.0,0.0,,,2015-10-08,0.5,Thursday
435,,,1867.0,80.0,,667.0,583.0,0.0,576.0,254.0,165.0,537.0,,908.0,146.0,0.0,0.0,,,2015-10-09,-1.6,Friday
436,,,740.0,86.0,,397.0,399.0,0.0,542.0,443.0,214.0,356.0,,664.0,102.0,0.0,0.0,,,2015-10-10,-1.8,Saturday
437,,,577.0,62.0,,327.0,317.0,0.0,462.0,330.0,167.0,331.0,,496.0,76.0,0.0,0.0,,,2015-10-11,-2.5,Sunday
438,,,1344.0,52.0,,486.0,398.0,0.0,315.0,110.0,72.0,339.0,,642.0,77.0,0.0,0.0,,,2015-10-12,0.2,Monday
439,,,1010.0,39.0,,344.0,259.0,0.0,210.0,53.0,42.0,253.0,,435.0,54.0,0.0,0.0,,,2015-10-13,2.8,Tuesday
440,,,1525.0,71.0,,507.0,411.0,0.0,509.0,265.0,140.0,498.0,,743.0,129.0,0.0,0.0,,,2015-10-14,4.7,Wednesday
441,,,1413.0,69.0,,486.0,389.0,0.0,363.0,154.0,95.0,416.0,,735.0,93.0,0.0,0.0,,,2015-10-15,5.1,Thursday
442,,,1276.0,61.0,,404.0,400.0,0.0,419.0,199.0,110.0,384.0,,694.0,104.0,0.0,0.0,,,2015-10-16,6.6,Friday
443,,,234.0,18.0,,133.0,157.0,0.0,71.0,39.0,21.0,88.0,,134.0,25.0,0.0,0.0,,,2015-10-17,8.5,Saturday
444,,,149.0,4.0,,62.0,76.0,0.0,57.0,29.0,13.0,41.0,,75.0,13.0,0.0,0.0,,,2015-10-18,8.3,Sunday
445,,,1562.0,80.0,,528.0,429.0,0.0,504.0,260.0,152.0,466.0,,786.0,126.0,0.0,0.0,,,2015-10-19,6.4,Monday
446,,,1480.0,75.0,,547.0,426.0,0.0,497.0,215.0,163.0,429.0,,740.0,107.0,0.0,0.0,,,2015-10-20,6.8,Tuesday
447,,,1094.0,37.0,,319.0,257.0,0.0,283.0,87.0,63.0,253.0,,459.0,47.0,0.0,0.0,,,2015-10-21,7.0,Wednesday
448,,,1495.0,90.0,,529.0,431.0,0.0,497.0,248.0,159.0,436.0,,759.0,111.0,0.0,0.0,,,2015-10-22,7.1,Thursday
449,,,1218.0,65.0,,450.0,400.0,0.0,383.0,172.0,99.0,368.0,,601.0,91.0,0.0,0.0,,,2015-10-23,6.3,Friday
450,,,627.0,49.0,,305.0,370.0,0.0,461.0,328.0,162.0,340.0,,612.0,82.0,0.0,0.0,,,2015-10-24,7.7,Saturday
451,,,593.0,48.0,,272.0,310.0,0.0,453.0,360.0,194.0,335.0,,536.0,66.0,0.0,0.0,,,2015-10-25,1.4,Sunday
452,,,1584.0,73.0,,548.0,447.0,0.0,530.0,246.0,168.0,506.0,,835.0,113.0,0.0,0.0,,,2015-10-26,4.5,Monday
453,,,1735.0,85.0,,570.0,471.0,0.0,583.0,263.0,191.0,527.0,,907.0,135.0,0.0,0.0,,,2015-10-27,-1.8,Tuesday
454,,,1694.0,69.0,,545.0,439.0,0.0,559.0,276.0,202.0,513.0,,896.0,114.0,566.0,641.0,,,2015-10-28,-0.9,Wednesday
455,,,1575.0,80.0,,507.0,412.0,312.0,523.0,197.0,157.0,488.0,,786.0,106.0,1008.0,831.0,,,2015-10-29,2.5,Thursday
456,,,1670.0,94.0,,551.0,488.0,434.0,582.0,342.0,188.0,496.0,,932.0,134.0,1087.0,866.0,,,2015-10-30,3.4,Friday
457,,,662.0,64.0,,340.0,374.0,173.0,612.0,443.0,222.0,411.0,,712.0,105.0,480.0,318.0,,,2015-10-31,1.7,Saturday
458,,,584.0,46.0,,246.0,298.0,168.0,703.0,547.0,273.0,404.0,,775.0,74.0,493.0,298.0,,,2015-11-01,0.0,Sunday
459,,,1537.0,63.0,,532.0,436.0,346.0,503.0,242.0,233.0,386.0,,857.0,148.0,997.0,857.0,,,2015-11-02,1.9,Monday
460,,,1776.0,53.0,,521.0,454.0,444.0,575.0,287.0,424.0,277.0,,881.0,129.0,1060.0,818.0,,,2015-11-03,-1.2,Tuesday
461,,,1562.0,49.0,,490.0,415.0,454.0,500.0,289.0,408.0,233.0,,756.0,117.0,984.0,836.0,,,2015-11-04,-3.2,Wednesday
462,,,1402.0,60.0,,442.0,379.0,421.0,388.0,179.0,287.0,236.0,,674.0,89.0,893.0,712.0,,,2015-11-05,0.9,Thursday
463,,,1207.0,72.0,,377.0,312.0,348.0,360.0,149.0,263.0,201.0,,578.0,94.0,805.0,621.0,,,2015-11-06,0.5,Friday
464,,,401.0,24.0,,166.0,166.0,159.0,181.0,104.0,92.0,137.0,,288.0,36.0,352.0,234.0,,,2015-11-07,1.0,Saturday
465,,,467.0,33.0,,213.0,236.0,172.0,364.0,294.0,212.0,185.0,,420.0,47.0,375.0,268.0,,,2015-11-08,7.1,Sunday
466,,,1129.0,63.0,,348.0,290.0,338.0,298.0,130.0,160.0,196.0,,512.0,77.0,710.0,574.0,,,2015-11-09,3.9,Monday
467,,,903.0,25.0,,280.0,236.0,293.0,178.0,59.0,93.0,141.0,,331.0,48.0,596.0,436.0,,,2015-11-10,9.7,Tuesday
468,,,498.0,24.0,,176.0,190.0,230.0,403.0,321.0,179.0,176.0,,414.0,49.0,511.0,283.0,,,2015-11-11,13.1,Wednesday
469,,,1149.0,59.0,,374.0,353.0,420.0,369.0,147.0,197.0,223.0,,574.0,66.0,809.0,596.0,,,2015-11-12,10.4,Thursday
470,,,1255.0,71.0,,416.0,341.0,404.0,454.0,224.0,194.0,313.0,,571.0,86.0,838.0,672.0,,,2015-11-13,5.9,Friday
471,,,392.0,22.0,,195.0,214.0,140.0,225.0,132.0,82.0,163.0,,305.0,45.0,331.0,214.0,,,2015-11-14,6.2,Saturday
472,,,245.0,17.0,,121.0,104.0,80.0,201.0,116.0,53.0,118.0,,222.0,22.0,169.0,137.0,,,2015-11-15,5.0,Sunday
473,,,1281.0,67.0,,451.0,337.0,345.0,422.0,203.0,183.0,325.0,,645.0,98.0,797.0,628.0,,,2015-11-16,4.4,Monday
474,,,1050.0,42.0,,338.0,256.0,292.0,263.0,82.0,104.0,189.0,,428.0,60.0,591.0,520.0,,,2015-11-17,5.5,Tuesday
475,,,742.0,17.0,,209.0,166.0,209.0,153.0,46.0,63.0,128.0,,250.0,28.0,438.0,358.0,,,2015-11-18,9.1,Wednesday
476,,,1050.0,26.0,,325.0,266.0,301.0,281.0,110.0,110.0,199.0,,376.0,51.0,636.0,445.0,,,2015-11-19,7.4,Thursday
477,,,973.0,41.0,,327.0,285.0,344.0,315.0,146.0,123.0,222.0,,424.0,68.0,614.0,520.0,,,2015-11-20,3.8,Friday
478,,,371.0,28.0,,161.0,163.0,132.0,234.0,119.0,76.0,136.0,,229.0,38.0,285.0,203.0,,,2015-11-21,3.4,Saturday
479,,,389.0,33.0,,177.0,180.0,116.0,306.0,222.0,131.0,203.0,,299.0,38.0,256.0,177.0,,,2015-11-22,1.1,Sunday
480,,,1160.0,53.0,,391.0,291.0,311.0,312.0,169.0,147.0,258.0,,503.0,72.0,711.0,576.0,,,2015-11-23,-1.8,Monday
481,,,1113.0,39.0,,363.0,242.0,290.0,289.0,116.0,147.0,250.0,,460.0,61.0,650.0,513.0,,,2015-11-24,-2.0,Tuesday
482,,,1051.0,35.0,,348.0,234.0,265.0,305.0,146.0,116.0,237.0,,447.0,55.0,674.0,493.0,,,2015-11-25,-4.9,Wednesday
483,,,998.0,38.0,,318.0,253.0,273.0,256.0,126.0,134.0,203.0,,398.0,58.0,638.0,437.0,,,2015-11-26,-3.5,Thursday
484,,,863.0,47.0,,281.0,256.0,281.0,248.0,88.0,123.0,195.0,,379.0,60.0,530.0,456.0,,,2015-11-27,-5.9,Friday
485,,,319.0,12.0,,122.0,135.0,105.0,146.0,106.0,52.0,106.0,,210.0,24.0,261.0,147.0,,,2015-11-28,-3.9,Saturday
486,,,300.0,19.0,,150.0,153.0,95.0,226.0,199.0,118.0,147.0,,268.0,33.0,205.0,174.0,,,2015-11-29,-0.4,Sunday
487,,,813.0,36.0,,251.0,203.0,245.0,209.0,87.0,96.0,155.0,,315.0,48.0,536.0,394.0,,,2015-11-30,3.9,Monday
488,,,646.0,23.0,,226.0,145.0,191.0,164.0,53.0,71.0,139.0,,284.0,37.0,388.0,324.0,,,2015-12-01,0.1,Tuesday
489,,,890.0,29.0,,304.0,236.0,251.0,243.0,133.0,139.0,184.0,,372.0,58.0,547.0,438.0,,,2015-12-02,1.1,Wednesday
490,,,945.0,39.0,,329.0,270.0,311.0,314.0,157.0,152.0,203.0,,435.0,66.0,618.0,465.0,,,2015-12-03,4.2,Thursday
491,,,937.0,42.0,,359.0,297.0,288.0,341.0,178.0,160.0,187.0,,428.0,58.0,617.0,487.0,,,2015-12-04,4.4,Friday
492,,,496.0,42.0,,227.0,243.0,196.0,352.0,299.0,195.0,224.0,,423.0,68.0,377.0,263.0,,,2015-12-05,5.4,Saturday
493,,,509.0,32.0,,218.0,239.0,180.0,566.0,394.0,242.0,240.0,,472.0,52.0,350.0,252.0,,,2015-12-06,6.9,Sunday
494,,,982.0,52.0,,368.0,291.0,345.0,348.0,166.0,222.0,180.0,,449.0,68.0,643.0,511.0,,,2015-12-07,6.5,Monday
495,,,964.0,50.0,,326.0,265.0,317.0,281.0,97.0,243.0,101.0,,434.0,74.0,601.0,478.0,,,2015-12-08,-2.7,Tuesday
496,,,945.0,44.0,,325.0,219.0,296.0,315.0,117.0,232.0,88.0,,387.0,47.0,604.0,443.0,,,2015-12-09,1.6,Wednesday
497,,,955.0,52.0,281.0,338.0,267.0,328.0,322.0,204.0,276.0,93.0,,417.0,69.0,676.0,471.0,,,2015-12-10,0.0,Thursday
498,,,846.0,47.0,227.0,289.0,236.0,309.0,255.0,121.0,233.0,80.0,,355.0,63.0,561.0,398.0,,,2015-12-11,-3.0,Friday
499,,,307.0,20.0,143.0,158.0,142.0,167.0,134.0,93.0,90.0,59.0,,198.0,28.0,244.0,141.0,,,2015-12-12,4.2,Saturday
500,,,107.0,6.0,39.0,41.0,54.0,50.0,42.0,22.0,25.0,22.0,,81.0,9.0,114.0,59.0,,,2015-12-13,2.2,Sunday
501,,,856.0,33.0,204.0,276.0,214.0,301.0,267.0,112.0,223.0,82.0,,348.0,48.0,551.0,392.0,,,2015-12-14,-1.2,Monday
502,,,765.0,25.0,223.0,261.0,223.0,267.0,204.0,78.0,186.0,74.0,,318.0,39.0,474.0,370.0,,,2015-12-15,-1.9,Tuesday
503,,,813.0,31.0,228.0,303.0,235.0,281.0,261.0,97.0,243.0,73.0,,345.0,56.0,511.0,395.0,,,2015-12-16,0.3,Wednesday
504,,,767.0,36.0,217.0,257.0,206.0,272.0,234.0,102.0,213.0,48.0,,302.0,47.0,467.0,342.0,,,2015-12-17,1.7,Thursday
505,36.0,14.0,733.0,26.0,208.0,273.0,224.0,259.0,256.0,107.0,197.0,66.0,,324.0,50.0,451.0,414.0,,,2015-12-18,6.1,Friday
506,52.0,18.0,425.0,33.0,283.0,212.0,196.0,175.0,287.0,217.0,167.0,133.0,,293.0,41.0,362.0,269.0,,,2015-12-19,8.2,Saturday
507,40.0,31.0,456.0,43.0,263.0,206.0,186.0,161.0,456.0,315.0,253.0,206.0,,438.0,79.0,356.0,205.0,,,2015-12-20,4.4,Sunday
508,33.0,12.0,710.0,33.0,234.0,305.0,241.0,271.0,209.0,104.0,197.0,72.0,,324.0,39.0,524.0,411.0,,,2015-12-21,0.6,Monday
509,55.0,10.0,721.0,33.0,201.0,293.0,218.0,325.0,223.0,118.0,173.0,68.0,,328.0,37.0,549.0,387.0,,,2015-12-22,6.1,Tuesday
510,59.0,24.0,601.0,38.0,231.0,287.0,222.0,302.0,288.0,167.0,187.0,105.0,,377.0,55.0,538.0,407.0,,,2015-12-23,9.1,Wednesday
511,31.0,12.0,184.0,14.0,111.0,150.0,133.0,107.0,140.0,107.0,114.0,44.0,,192.0,32.0,161.0,113.0,,,2015-12-24,3.2,Thursday
512,26.0,16.0,164.0,7.0,144.0,72.0,66.0,58.0,202.0,164.0,121.0,75.0,,165.0,22.0,122.0,84.0,,,2015-12-25,-0.4,Friday
513,40.0,9.0,129.0,13.0,118.0,86.0,85.0,56.0,178.0,129.0,97.0,72.0,,155.0,19.0,123.0,71.0,,,2015-12-26,2.5,Saturday
514,67.0,29.0,287.0,37.0,209.0,168.0,131.0,118.0,409.0,330.0,237.0,152.0,,384.0,46.0,260.0,142.0,,,2015-12-27,6.4,Sunday
515,53.0,15.0,561.0,36.0,209.0,282.0,203.0,236.0,260.0,145.0,177.0,80.0,,320.0,40.0,427.0,306.0,,,2015-12-28,3.1,Monday
516,52.0,23.0,448.0,20.0,164.0,223.0,164.0,202.0,210.0,82.0,148.0,56.0,,308.0,45.0,391.0,301.0,,,2015-12-29,-4.0,Tuesday
517,27.0,17.0,356.0,22.0,157.0,188.0,195.0,178.0,183.0,74.0,110.0,62.0,,223.0,37.0,296.0,260.0,,,2015-12-30,-6.4,Wednesday
518,23.0,8.0,244.0,18.0,120.0,160.0,114.0,113.0,139.0,63.0,75.0,46.0,,169.0,27.0,204.0,113.0,,,2015-12-31,-8.3,Thursday
519,18.0,6.0,93.0,8.0,68.0,42.0,43.0,42.0,93.0,36.0,45.0,31.0,52.0,97.0,9.0,79.0,48.0,,,2016-01-01,-11.1,Friday
520,18.0,4.0,89.0,5.0,31.0,44.0,42.0,36.0,55.0,15.0,19.0,25.0,31.0,65.0,10.0,75.0,50.0,,,2016-01-02,-12.6,Saturday
521,6.0,3.0,63.0,5.0,20.0,,31.0,23.0,48.0,11.0,13.0,17.0,21.0,45.0,6.0,46.0,21.0,,,2016-01-03,-16.5,Sunday
522,12.0,4.0,269.0,16.0,75.0,111.0,86.0,242.0,80.0,18.0,70.0,36.0,3.0,114.0,11.0,188.0,142.0,,,2016-01-04,-16.4,Monday
523,18.0,6.0,263.0,8.0,83.0,122.0,83.0,115.0,94.0,26.0,68.0,39.0,2.0,113.0,22.0,216.0,165.0,,,2016-01-05,-17.1,Tuesday
524,12.0,2.0,59.0,4.0,22.0,32.0,34.0,27.0,37.0,21.0,17.0,26.0,38.0,51.0,3.0,61.0,42.0,,,2016-01-06,-11.7,Wednesday
525,19.0,3.0,400.0,12.0,104.0,110.0,66.0,141.0,93.0,33.0,79.0,52.0,7.0,154.0,14.0,274.0,182.0,,,2016-01-07,-5.9,Thursday
526,16.0,7.0,384.0,10.0,107.0,118.0,61.0,114.0,94.0,38.0,70.0,31.0,6.0,140.0,15.0,248.0,156.0,,,2016-01-08,-5.9,Friday
527,7.0,4.0,122.0,6.0,41.0,57.0,59.0,63.0,56.0,26.0,24.0,24.0,15.0,68.0,9.0,124.0,84.0,,,2016-01-09,-1.5,Saturday
528,4.0,3.0,85.0,5.0,33.0,43.0,34.0,47.0,85.0,44.0,25.0,19.0,28.0,94.0,6.0,118.0,73.0,,,2016-01-10,-5.0,Sunday
529,6.0,2.0,371.0,15.0,114.0,119.0,87.0,118.0,96.0,17.0,49.0,45.0,3.0,151.0,28.0,262.0,179.0,,,2016-01-11,-0.5,Monday
530,23.0,5.0,478.0,20.0,155.0,147.0,124.0,150.0,125.0,23.0,55.0,83.0,8.0,172.0,30.0,312.0,232.0,,,2016-01-12,-1.4,Tuesday
531,24.0,8.0,444.0,22.0,125.0,142.0,117.0,157.0,112.0,21.0,56.0,67.0,4.0,168.0,27.0,287.0,230.0,,,2016-01-13,-1.5,Wednesday
532,18.0,4.0,432.0,7.0,130.0,140.0,94.0,164.0,89.0,24.0,45.0,54.0,4.0,158.0,29.0,214.0,166.0,,,2016-01-14,-1.9,Thursday
533,10.0,7.0,410.0,14.0,114.0,155.0,105.0,132.0,90.0,46.0,85.0,48.0,8.0,135.0,29.0,268.0,167.0,,,2016-01-15,-3.1,Friday
534,0.0,1.0,41.0,4.0,4.0,50.0,20.0,54.0,12.0,17.0,10.0,4.0,24.0,59.0,0.0,56.0,6.0,,,2016-01-16,-6.3,Saturday
535,0.0,0.0,40.0,1.0,3.0,50.0,12.0,19.0,11.0,13.0,12.0,2.0,16.0,46.0,0.0,49.0,1.0,,,2016-01-17,-9.8,Sunday
536,7.0,0.0,304.0,4.0,22.0,98.0,39.0,103.0,27.0,12.0,35.0,17.0,15.0,133.0,9.0,175.0,27.0,,,2016-01-18,-8.0,Monday
537,17.0,0.0,335.0,0.0,67.0,96.0,36.0,112.0,27.0,21.0,29.0,38.0,8.0,122.0,12.0,195.0,49.0,,,2016-01-19,-9.6,Tuesday
538,18.0,0.0,311.0,2.0,66.0,128.0,35.0,113.0,22.0,17.0,19.0,59.0,9.0,133.0,15.0,155.0,60.0,,,2016-01-20,-10.0,Wednesday
539,10.0,0.0,337.0,1.0,76.0,113.0,26.0,122.0,15.0,9.0,23.0,49.0,9.0,124.0,19.0,238.0,147.0,,,2016-01-21,-5.3,Thursday
540,7.0,0.0,285.0,0.0,77.0,102.0,25.0,124.0,34.0,9.0,19.0,55.0,14.0,100.0,15.0,165.0,135.0,,,2016-01-22,-6.3,Friday
541,2.0,0.0,115.0,0.0,36.0,60.0,12.0,42.0,17.0,22.0,18.0,29.0,24.0,69.0,5.0,72.0,31.0,,,2016-01-23,-14.6,Saturday
542,3.0,0.0,63.0,0.0,31.0,29.0,12.0,21.0,19.0,16.0,8.0,17.0,26.0,59.0,6.0,56.0,23.0,,,2016-01-24,-12.0,Sunday
543,15.0,0.0,286.0,0.0,82.0,110.0,47.0,130.0,59.0,7.0,19.0,58.0,4.0,100.0,16.0,215.0,169.0,,,2016-01-25,0.6,Monday
544,19.0,2.0,359.0,16.0,101.0,125.0,95.0,158.0,85.0,16.0,30.0,61.0,0.0,137.0,23.0,225.0,184.0,,,2016-01-26,0.4,Tuesday
545,33.0,9.0,472.0,14.0,148.0,144.0,116.0,173.0,148.0,68.0,78.0,65.0,3.0,182.0,25.0,309.0,221.0,,,2016-01-27,3.3,Wednesday
546,30.0,15.0,505.0,24.0,173.0,221.0,161.0,207.0,195.0,67.0,90.0,78.0,11.0,229.0,35.0,342.0,262.0,,,2016-01-28,5.2,Thursday
547,33.0,8.0,533.0,27.0,214.0,216.0,183.0,228.0,258.0,105.0,137.0,105.0,40.0,302.0,53.0,366.0,336.0,,,2016-01-29,0.4,Friday
548,64.0,34.0,358.0,29.0,184.0,166.0,157.0,140.0,372.0,246.0,225.0,151.0,174.0,346.0,59.0,312.0,172.0,,,2016-01-30,5.4,Saturday
549,27.0,5.0,150.0,14.0,77.0,94.0,74.0,65.0,148.0,84.0,62.0,68.0,61.0,130.0,18.0,124.0,85.0,,,2016-01-31,2.9,Sunday
550,21.0,11.0,390.0,19.0,135.0,125.0,132.0,194.0,139.0,73.0,99.0,69.0,21.0,190.0,38.0,289.0,208.0,,,2016-02-01,1.5,Monday
551,26.0,9.0,436.0,22.0,148.0,146.0,164.0,181.0,130.0,67.0,105.0,68.0,8.0,179.0,38.0,304.0,245.0,,,2016-02-02,3.4,Tuesday
552,35.0,20.0,529.0,30.0,199.0,195.0,135.0,212.0,211.0,107.0,122.0,107.0,39.0,250.0,42.0,368.0,274.0,,,2016-02-03,5.0,Wednesday
553,22.0,7.0,456.0,27.0,155.0,158.0,126.0,189.0,130.0,70.0,81.0,56.0,12.0,177.0,34.0,302.0,242.0,,,2016-02-04,1.1,Thursday
554,26.0,8.0,448.0,30.0,182.0,144.0,131.0,156.0,165.0,72.0,123.0,89.0,29.0,200.0,32.0,292.0,223.0,,,2016-02-05,0.2,Friday
555,25.0,19.0,218.0,25.0,141.0,138.0,151.0,89.0,192.0,156.0,130.0,88.0,80.0,217.0,39.0,200.0,130.0,,,2016-02-06,-1.5,Saturday
556,91.0,36.0,438.0,30.0,288.0,194.0,190.0,105.0,560.0,424.0,282.0,229.0,302.0,446.0,74.0,299.0,186.0,,,2016-02-07,0.0,Sunday
557,48.0,19.0,610.0,30.0,282.0,253.0,190.0,217.0,263.0,104.0,180.0,138.0,40.0,316.0,73.0,428.0,332.0,,,2016-02-08,1.3,Monday
558,37.0,28.0,708.0,30.0,308.0,259.0,87.0,259.0,262.0,145.0,184.0,161.0,49.0,341.0,84.0,463.0,370.0,,,2016-02-09,6.5,Tuesday
559,18.0,2.0,344.0,10.0,124.0,118.0,0.0,121.0,76.0,30.0,52.0,41.0,6.0,140.0,32.0,214.0,173.0,,,2016-02-10,1.0,Wednesday
560,25.0,6.0,291.0,14.0,113.0,112.0,0.0,145.0,84.0,36.0,58.0,42.0,12.0,122.0,25.0,225.0,166.0,,,2016-02-11,0.2,Thursday
561,32.0,6.0,459.0,21.0,206.0,214.0,0.0,196.0,197.0,123.0,112.0,102.0,27.0,224.0,40.0,360.0,269.0,,,2016-02-12,1.3,Friday
562,54.0,18.0,277.0,27.0,152.0,155.0,,107.0,244.0,177.0,110.0,120.0,120.0,249.0,49.0,208.0,137.0,,,2016-02-13,1.1,Saturday
563,76.0,37.0,357.0,51.0,249.0,183.0,,140.0,525.0,346.0,223.0,242.0,218.0,442.0,78.0,333.0,173.0,,,2016-02-14,2.6,Sunday
564,60.0,24.0,604.0,42.0,224.0,238.0,,254.0,223.0,141.0,155.0,146.0,38.0,329.0,69.0,403.0,332.0,,,2016-02-15,1.5,Monday
565,73.0,15.0,672.0,32.0,258.0,251.0,,254.0,225.0,111.0,142.0,127.0,28.0,302.0,56.0,454.0,354.0,,,2016-02-16,1.5,Tuesday
566,69.0,21.0,651.0,32.0,286.0,217.0,,260.0,213.0,122.0,156.0,133.0,44.0,319.0,66.0,444.0,375.0,,,2016-02-17,-3.2,Wednesday
567,67.0,22.0,642.0,40.0,304.0,263.0,,225.0,235.0,109.0,155.0,135.0,37.0,341.0,59.0,428.0,350.0,,,2016-02-18,2.9,Thursday
568,24.0,7.0,315.0,14.0,109.0,123.0,,141.0,64.0,26.0,50.0,44.0,3.0,118.0,24.0,217.0,181.0,,,2016-02-19,1.9,Friday
569,24.0,18.0,176.0,19.0,142.0,105.0,,83.0,142.0,93.0,77.0,65.0,54.0,181.0,42.0,165.0,111.0,,,2016-02-20,-0.1,Saturday
570,30.0,9.0,180.0,11.0,110.0,99.0,,65.0,175.0,106.0,72.0,68.0,59.0,154.0,23.0,128.0,78.0,,,2016-02-21,1.4,Sunday
571,35.0,3.0,409.0,9.0,144.0,149.0,,158.0,125.0,58.0,61.0,70.0,14.0,166.0,17.0,251.0,193.0,,,2016-02-22,4.1,Monday
572,59.0,26.0,670.0,24.0,264.0,240.0,,233.0,215.0,112.0,147.0,124.0,41.0,280.0,53.0,455.0,310.0,,,2016-02-23,2.0,Tuesday
573,66.0,27.0,624.0,22.0,234.0,217.0,,240.0,215.0,131.0,155.0,108.0,38.0,273.0,48.0,445.0,330.0,,,2016-02-24,0.3,Wednesday
574,30.0,37.0,687.0,27.0,247.0,234.0,,280.0,249.0,152.0,161.0,120.0,47.0,343.0,58.0,463.0,363.0,,,2016-02-25,-1.8,Thursday
575,25.0,22.0,557.0,11.0,222.0,221.0,,228.0,187.0,82.0,124.0,106.0,20.0,268.0,48.0,342.0,286.0,,,2016-02-26,-3.0,Friday
576,38.0,18.0,261.0,29.0,188.0,161.0,,152.0,271.0,169.0,129.0,132.0,117.0,271.0,48.0,274.0,185.0,,,2016-02-27,-5.6,Saturday
577,75.0,21.0,327.0,34.0,165.0,159.0,,101.0,335.0,266.0,192.0,180.0,167.0,363.0,74.0,218.0,128.0,,,2016-02-28,-2.2,Sunday
578,37.0,30.0,590.0,27.0,160.0,214.0,0.0,208.0,162.0,92.0,108.0,93.0,15.0,251.0,49.0,362.0,273.0,,,2016-02-29,-0.4,Monday
579,19.0,8.0,415.0,12.0,115.0,111.0,0.0,125.0,68.0,25.0,43.0,54.0,6.0,108.0,21.0,208.0,167.0,,,2016-03-01,0.3,Tuesday
580,28.0,20.0,535.0,23.0,188.0,142.0,0.0,203.0,152.0,64.0,88.0,90.0,18.0,200.0,45.0,318.0,285.0,,,2016-03-02,0.1,Wednesday
581,68.0,45.0,915.0,37.0,364.0,272.0,0.0,299.0,275.0,169.0,185.0,139.0,54.0,379.0,80.0,511.0,376.0,,,2016-03-03,0.8,Thursday
582,58.0,27.0,775.0,41.0,260.0,226.0,0.0,303.0,222.0,125.0,180.0,107.0,30.0,330.0,54.0,438.0,370.0,,,2016-03-04,1.3,Friday
583,51.0,29.0,372.0,30.0,202.0,190.0,0.0,170.0,283.0,185.0,154.0,138.0,126.0,335.0,58.0,307.0,220.0,,,2016-03-05,1.2,Saturday
584,41.0,12.0,283.0,15.0,135.0,154.0,0.0,142.0,247.0,130.0,90.0,96.0,74.0,271.0,42.0,232.0,163.0,,,2016-03-06,1.4,Sunday
585,118.0,41.0,980.0,45.0,354.0,304.0,0.0,352.0,283.0,185.0,218.0,172.0,74.0,442.0,69.0,590.0,446.0,,,2016-03-07,-1.8,Monday
586,71.0,34.0,973.0,41.0,343.0,300.0,0.0,332.0,297.0,163.0,197.0,174.0,51.0,445.0,67.0,584.0,470.0,,,2016-03-08,2.6,Tuesday
587,82.0,51.0,1110.0,55.0,390.0,315.0,0.0,411.0,361.0,216.0,250.0,197.0,75.0,485.0,83.0,676.0,534.0,,,2016-03-09,-2.9,Wednesday
588,72.0,38.0,1022.0,35.0,374.0,304.0,0.0,362.0,277.0,147.0,172.0,174.0,66.0,458.0,57.0,641.0,476.0,,,2016-03-10,3.5,Thursday
589,54.0,27.0,739.0,31.0,268.0,218.0,160.0,282.0,197.0,107.0,127.0,122.0,19.0,302.0,60.0,426.0,388.0,,,2016-03-11,4.5,Friday
590,61.0,44.0,411.0,33.0,336.0,226.0,218.0,204.0,279.0,207.0,190.0,183.0,141.0,347.0,67.0,344.0,258.0,,,2016-03-12,3.3,Saturday
591,138.0,115.0,768.0,41.0,437.0,326.0,352.0,278.0,827.0,503.0,490.0,375.0,477.0,744.0,80.0,551.0,349.0,,,2016-03-13,1.3,Sunday
592,82.0,35.0,1038.0,34.0,342.0,323.0,243.0,342.0,296.0,135.0,201.0,159.0,49.0,429.0,63.0,591.0,463.0,,,2016-03-14,-2.0,Monday
593,55.0,35.0,738.0,31.0,299.0,211.0,247.0,274.0,189.0,86.0,117.0,103.0,28.0,295.0,39.0,477.0,344.0,,,2016-03-15,0.1,Tuesday
594,87.0,61.0,1217.0,65.0,521.0,387.0,337.0,465.0,446.0,267.0,306.0,256.0,141.0,565.0,79.0,877.0,632.0,,,2016-03-16,0.2,Wednesday
595,85.0,45.0,1274.0,60.0,548.0,360.0,354.0,482.0,397.0,249.0,292.0,254.0,99.0,556.0,79.0,824.0,581.0,,,2016-03-17,-0.3,Thursday
596,67.0,49.0,984.0,29.0,348.0,290.0,259.0,398.0,311.0,153.0,197.0,148.0,41.0,407.0,52.0,618.0,499.0,,,2016-03-18,2.6,Friday
597,62.0,34.0,391.0,21.0,182.0,194.0,253.0,213.0,228.0,131.0,168.0,178.0,150.0,301.0,44.0,309.0,198.0,,,2016-03-19,-3.2,Saturday
598,49.0,38.0,366.0,26.0,185.0,192.0,200.0,182.0,299.0,202.0,154.0,166.0,168.0,321.0,45.0,301.0,201.0,,,2016-03-20,3.4,Sunday
599,58.0,58.0,1217.0,54.0,440.0,367.0,301.0,425.0,384.0,222.0,242.0,194.0,104.0,513.0,83.0,790.0,611.0,,,2016-03-21,2.6,Monday
600,122.0,50.0,945.0,28.0,346.0,274.0,238.0,344.0,224.0,105.0,152.0,121.0,38.0,412.0,48.0,569.0,495.0,,,2016-03-22,2.5,Tuesday
601,178.0,78.0,1343.0,56.0,579.0,430.0,350.0,507.0,442.0,283.0,287.0,248.0,151.0,673.0,94.0,949.0,704.0,,,2016-03-23,-3.5,Wednesday
602,190.0,110.0,1172.0,64.0,456.0,409.0,415.0,461.0,438.0,292.0,301.0,265.0,135.0,620.0,98.0,860.0,631.0,,,2016-03-24,-3.1,Thursday
603,186.0,84.0,805.0,51.0,332.0,382.0,363.0,374.0,361.0,237.0,202.0,211.0,116.0,474.0,77.0,660.0,469.0,,,2016-03-25,-3.4,Friday
604,38.0,29.0,167.0,16.0,127.0,88.0,110.0,80.0,117.0,93.0,49.0,85.0,19.0,158.0,30.0,165.0,102.0,,,2016-03-26,2.3,Saturday
605,148.0,117.0,395.0,63.0,376.0,242.0,226.0,229.0,589.0,491.0,374.0,324.0,319.0,552.0,96.0,399.0,231.0,,,2016-03-27,-2.6,Sunday
606,374.0,312.0,1064.0,117.0,699.0,512.0,456.0,350.0,1528.0,1079.0,819.0,632.0,936.0,1248.0,201.0,811.0,424.0,,,2016-03-28,1.0,Monday
607,170.0,79.0,1003.0,66.0,341.0,374.0,318.0,367.0,364.0,195.0,222.0,219.0,74.0,541.0,91.0,671.0,526.0,,,2016-03-29,4.2,Tuesday
608,235.0,140.0,1508.0,59.0,642.0,521.0,444.0,571.0,507.0,308.0,378.0,251.0,150.0,722.0,112.0,980.0,778.0,,,2016-03-30,4.0,Wednesday
609,253.0,142.0,1626.0,99.0,661.0,591.0,545.0,620.0,645.0,397.0,407.0,367.0,198.0,898.0,118.0,1118.0,810.0,,,2016-03-31,5.1,Thursday
610,179.0,106.0,991.0,39.0,329.0,353.0,334.0,386.0,405.0,238.0,244.0,230.0,83.0,488.0,74.0,691.0,509.0,,,2016-04-01,3.1,Friday
611,587.0,379.0,1748.0,133.0,1100.0,881.0,746.0,666.0,1815.0,1507.0,1160.0,1090.0,1171.0,1571.0,250.0,1386.0,847.0,,,2016-04-02,-0.9,Saturday
612,848.0,581.0,2483.0,210.0,1683.0,1083.0,889.0,784.0,2660.0,1999.0,1352.0,1624.0,1804.0,2368.0,352.0,1673.0,1039.0,,,2016-04-03,0.7,Sunday
613,570.0,447.0,2833.0,198.0,1312.0,1197.0,1032.0,1020.0,1448.0,923.0,803.0,909.0,567.0,1904.0,280.0,1965.0,1323.0,,,2016-04-04,5.9,Monday
614,740.0,514.0,3639.0,242.0,1554.0,1331.0,1118.0,1114.0,1882.0,1432.0,1041.0,1299.0,856.0,2257.0,363.0,2385.0,1664.0,,,2016-04-05,8.7,Tuesday
615,365.0,260.0,2561.0,136.0,1070.0,947.0,720.0,883.0,884.0,500.0,494.0,629.0,198.0,1310.0,194.0,1638.0,1312.0,,,2016-04-06,9.8,Wednesday
616,523.0,347.0,2753.0,157.0,1245.0,1058.0,902.0,955.0,1309.0,818.0,626.0,936.0,403.0,1668.0,251.0,2067.0,1438.0,,,2016-04-07,3.6,Thursday
617,260.0,195.0,1822.0,94.0,750.0,723.0,628.0,741.0,607.0,363.0,303.0,426.0,155.0,970.0,137.0,1369.0,1039.0,,,2016-04-08,7.6,Friday
618,244.0,225.0,968.0,85.0,575.0,449.0,490.0,431.0,599.0,388.0,321.0,420.0,370.0,730.0,115.0,844.0,546.0,,,2016-04-09,7.0,Saturday
619,189.0,162.0,528.0,55.0,328.0,328.0,261.0,275.0,434.0,283.0,226.0,222.0,223.0,490.0,78.0,495.0,287.0,,,2016-04-10,7.1,Sunday
620,400.0,261.0,2561.0,118.0,963.0,856.0,746.0,853.0,945.0,523.0,458.0,668.0,243.0,1260.0,190.0,1637.0,1219.0,,,2016-04-11,7.2,Monday
621,366.0,276.0,2106.0,127.0,872.0,771.0,677.0,723.0,870.0,537.0,500.0,546.0,253.0,1127.0,172.0,1526.0,1039.0,,,2016-04-12,8.7,Tuesday
622,530.0,320.0,2900.0,166.0,1212.0,1006.0,829.0,971.0,1201.0,870.0,708.0,873.0,449.0,1606.0,251.0,2004.0,1373.0,,,2016-04-13,11.0,Wednesday
623,452.0,289.0,2651.0,146.0,1057.0,912.0,837.0,884.0,950.0,604.0,475.0,760.0,252.0,1413.0,200.0,1816.0,1238.0,,,2016-04-14,6.7,Thursday
624,518.0,354.0,2777.0,164.0,1248.0,1040.0,920.0,991.0,1157.0,830.0,655.0,902.0,458.0,1546.0,240.0,1923.0,1498.0,,,2016-04-15,2.3,Friday
625,574.0,468.0,1901.0,238.0,1217.0,929.0,976.0,681.0,1953.0,1569.0,1169.0,1208.0,1230.0,2079.0,295.0,1557.0,1038.0,,,2016-04-16,6.5,Saturday
626,1142.0,733.0,2800.0,262.0,1530.0,1447.0,1087.0,944.0,3259.0,2522.0,1891.0,1988.0,2165.0,2941.0,439.0,1977.0,1386.0,,,2016-04-17,6.5,Sunday
627,432.0,345.0,2818.0,185.0,1195.0,1072.0,894.0,981.0,1073.0,707.0,580.0,814.0,325.0,1554.0,248.0,1902.0,1459.0,,,2016-04-18,7.8,Monday
628,296.0,190.0,2271.0,127.0,843.0,811.0,648.0,784.0,719.0,348.0,354.0,532.0,136.0,1088.0,136.0,1464.0,1116.0,,,2016-04-19,5.2,Tuesday
629,316.0,220.0,1997.0,82.0,757.0,711.0,606.0,732.0,622.0,339.0,290.0,480.0,149.0,1006.0,126.0,1442.0,1062.0,,,2016-04-20,4.1,Wednesday
630,520.0,298.0,2866.0,123.0,1206.0,1073.0,969.0,1046.0,1181.0,828.0,741.0,912.0,358.0,1675.0,238.0,2018.0,1439.0,,,2016-04-21,0.4,Thursday
631,356.0,250.0,2217.0,90.0,910.0,838.0,818.0,901.0,754.0,480.0,463.0,679.0,248.0,1250.0,161.0,1567.0,1256.0,,,2016-04-22,5.2,Friday
632,623.0,362.0,1681.0,119.0,1075.0,898.0,856.0,697.0,1567.0,1283.0,923.0,1025.0,884.0,1603.0,255.0,1475.0,914.0,,,2016-04-23,2.6,Saturday
633,372.0,263.0,1252.0,152.0,687.0,589.0,518.0,451.0,836.0,578.0,453.0,594.0,491.0,929.0,121.0,889.0,516.0,,,2016-04-24,3.6,Sunday
634,370.0,216.0,2267.0,160.0,814.0,746.0,609.0,802.0,747.0,429.0,343.0,496.0,173.0,1081.0,171.0,1504.0,1133.0,,,2016-04-25,2.1,Monday
635,559.0,357.0,2943.0,144.0,1228.0,1159.0,923.0,1075.0,1186.0,850.0,632.0,870.0,418.0,1644.0,194.0,2021.0,1424.0,,,2016-04-26,1.0,Tuesday
636,148.0,82.0,1289.0,114.0,399.0,411.0,349.0,456.0,281.0,147.0,174.0,213.0,39.0,549.0,175.0,843.0,647.0,,,2016-04-27,5.4,Wednesday
637,385.0,230.0,2223.0,136.0,897.0,768.0,683.0,868.0,763.0,518.0,419.0,597.0,202.0,1097.0,205.0,1556.0,1104.0,,,2016-04-28,3.2,Thursday
638,503.0,295.0,2572.0,97.0,1073.0,965.0,923.0,968.0,1106.0,746.0,565.0,796.0,385.0,1524.0,161.0,1955.0,1294.0,,,2016-04-29,4.2,Friday
639,341.0,266.0,1038.0,145.0,576.0,586.0,640.0,445.0,878.0,614.0,473.0,584.0,484.0,893.0,226.0,844.0,568.0,,,2016-04-30,4.3,Saturday
640,667.0,392.0,1523.0,173.0,1013.0,753.0,752.0,689.0,2126.0,1556.0,1090.0,1344.0,1165.0,1867.0,181.0,1336.0,793.0,,,2016-05-01,8.4,Sunday
641,706.0,390.0,2034.0,173.0,926.0,1056.0,839.0,753.0,1633.0,1491.0,1027.0,1019.0,799.0,1672.0,214.0,1432.0,994.0,,,2016-05-02,6.3,Monday
642,859.0,538.0,2214.0,162.0,1288.0,1005.0,783.0,636.0,2489.0,1766.0,1562.0,1435.0,1308.0,2356.0,260.0,1396.0,822.0,,,2016-05-03,8.2,Tuesday
643,510.0,288.0,3037.0,128.0,1164.0,1148.0,881.0,1125.0,1259.0,836.0,634.0,781.0,273.0,1806.0,212.0,2062.0,1396.0,,,2016-05-04,9.0,Wednesday
644,928.0,585.0,4055.0,143.0,1726.0,1594.0,1238.0,1358.0,2068.0,1549.0,1164.0,1575.0,813.0,2566.0,243.0,2881.0,2043.0,1227.0,256.0,2016-05-05,7.6,Thursday
645,841.0,507.0,3845.0,114.0,1742.0,1514.0,1201.0,1411.0,1918.0,1326.0,1051.0,1664.0,693.0,2477.0,216.0,2887.0,2075.0,1645.0,366.0,2016-05-06,9.1,Friday
646,1218.0,744.0,3352.0,150.0,2007.0,1648.0,1397.0,1401.0,4027.0,3014.0,2269.0,2811.0,1789.0,3573.0,229.0,2644.0,1874.0,1555.0,386.0,2016-05-07,9.2,Saturday
647,1119.0,697.0,3020.0,166.0,1650.0,1513.0,1338.0,1044.0,3873.0,2886.0,1941.0,2292.0,1942.0,3252.0,264.0,1974.0,1398.0,1514.0,362.0,2016-05-08,10.3,Sunday
648,914.0,531.0,4064.0,164.0,1629.0,1635.0,1268.0,1408.0,1778.0,1257.0,1066.0,1463.0,639.0,2552.0,259.0,2958.0,2027.0,1672.0,472.0,2016-05-09,8.3,Monday
649,1094.0,647.0,4598.0,143.0,2078.0,1910.0,1483.0,1547.0,2353.0,1773.0,1295.0,1890.0,802.0,3132.0,224.0,3381.0,2364.0,1851.0,610.0,2016-05-10,10.1,Tuesday
650,810.0,458.0,3939.0,125.0,1645.0,1487.0,1116.0,1331.0,1660.0,1148.0,925.0,1402.0,485.0,2387.0,238.0,2890.0,2004.0,1527.0,463.0,2016-05-11,11.1,Wednesday
651,920.0,607.0,4426.0,142.0,1838.0,1665.0,1393.0,1416.0,1799.0,1306.0,1069.0,1534.0,695.0,2669.0,273.0,3187.0,2198.0,1758.0,513.0,2016-05-12,10.3,Thursday
652,622.0,366.0,3286.0,119.0,1248.0,1330.0,1076.0,1210.0,1180.0,711.0,674.0,1136.0,322.0,1923.0,222.0,2478.0,1818.0,1296.0,429.0,2016-05-13,12.2,Friday
653,342.0,193.0,973.0,165.0,595.0,596.0,573.0,521.0,696.0,484.0,452.0,604.0,304.0,794.0,300.0,1037.0,668.0,507.0,178.0,2016-05-14,12.4,Saturday
654,555.0,365.0,1519.0,192.0,983.0,736.0,627.0,678.0,1495.0,1204.0,1063.0,1084.0,771.0,1382.0,345.0,1315.0,812.0,859.0,264.0,2016-05-15,9.6,Sunday
655,368.0,223.0,2574.0,175.0,946.0,888.0,727.0,819.0,670.0,346.0,352.0,645.0,110.0,1232.0,297.0,1622.0,1181.0,1006.0,280.0,2016-05-16,4.8,Monday
656,308.0,181.0,2150.0,143.0,790.0,696.0,588.0,747.0,471.0,242.0,264.0,514.0,79.0,1008.0,255.0,1425.0,1008.0,916.0,262.0,2016-05-17,4.7,Tuesday
657,514.0,259.0,2661.0,122.0,1065.0,962.0,823.0,1034.0,1095.0,694.0,534.0,863.0,254.0,1502.0,191.0,1939.0,1504.0,1145.0,330.0,2016-05-18,6.5,Wednesday
658,806.0,468.0,3903.0,141.0,1642.0,1427.0,1099.0,1319.0,1666.0,1307.0,1084.0,1474.0,596.0,2424.0,303.0,2915.0,2008.0,1859.0,447.0,2016-05-19,3.9,Thursday
659,866.0,538.0,4063.0,110.0,1655.0,1601.0,1291.0,1489.0,1894.0,1413.0,1105.0,1691.0,693.0,2586.0,231.0,2845.0,2143.0,1895.0,393.0,2016-05-20,6.2,Friday
660,1008.0,605.0,3001.0,148.0,1702.0,1581.0,1400.0,1063.0,3173.0,2680.0,2119.0,2626.0,1662.0,3092.0,280.0,2343.0,1510.0,1764.0,381.0,2016-05-21,12.1,Saturday
661,1537.0,853.0,3868.0,171.0,2175.0,1996.0,1641.0,1228.0,5285.0,3916.0,3443.0,3859.0,2644.0,4512.0,258.0,2785.0,1807.0,2369.0,504.0,2016-05-22,10.3,Sunday
662,1179.0,666.0,4891.0,173.0,1906.0,1920.0,1542.0,1735.0,2374.0,1687.0,1360.0,2023.0,854.0,3130.0,275.0,3432.0,2263.0,2370.0,638.0,2016-05-23,14.3,Monday
663,1129.0,656.0,5123.0,148.0,2299.0,1963.0,1563.0,1697.0,2394.0,1694.0,1346.0,2191.0,869.0,3298.0,268.0,3530.0,2582.0,2531.0,626.0,2016-05-24,14.2,Tuesday
664,673.0,344.0,3772.0,125.0,1469.0,1538.0,1212.0,1328.0,1325.0,844.0,627.0,1299.0,292.0,2235.0,246.0,2755.0,1905.0,1853.0,491.0,2016-05-25,13.6,Wednesday
665,1370.0,837.0,2977.0,141.0,1928.0,1698.0,1488.0,1137.0,4589.0,3173.0,2505.0,3482.0,2235.0,2195.0,279.0,2377.0,1618.0,2100.0,460.0,2016-05-26,11.7,Thursday
666,588.0,288.0,1784.0,112.0,927.0,1052.0,892.0,722.0,1219.0,931.0,607.0,909.0,459.0,2133.0,230.0,1428.0,1134.0,982.0,276.0,2016-05-27,12.6,Friday
667,1044.0,612.0,2679.0,155.0,1439.0,1468.0,1313.0,1025.0,3448.0,2751.0,2221.0,2486.0,1653.0,2094.0,277.0,2193.0,1389.0,1582.0,324.0,2016-05-28,14.4,Saturday
668,1120.0,695.0,2894.0,176.0,1668.0,1645.0,1428.0,1054.0,4125.0,2979.0,2407.0,2859.0,1815.0,2763.0,282.0,2234.0,1432.0,1922.0,480.0,2016-05-29,15.1,Sunday
669,802.0,490.0,4144.0,173.0,1683.0,1765.0,1381.0,1363.0,1762.0,1144.0,804.0,1529.0,494.0,1721.0,265.0,2938.0,2118.0,2042.0,558.0,2016-05-30,17.2,Monday
670,706.0,365.0,3625.0,148.0,1398.0,1381.0,1090.0,1268.0,1325.0,745.0,623.0,1206.0,232.0,2136.0,310.0,2409.0,1761.0,1754.0,441.0,2016-05-31,16.6,Tuesday
671,634.0,347.0,3330.0,200.0,1302.0,1334.0,1137.0,1209.0,1164.0,658.0,596.0,1060.0,255.0,1907.0,314.0,2420.0,1778.0,1602.0,410.0,2016-06-01,17.1,Wednesday
672,964.0,504.0,4064.0,250.0,1784.0,1756.0,1451.0,1500.0,1974.0,1382.0,1145.0,1649.0,670.0,2711.0,440.0,3105.0,2251.0,2137.0,543.0,2016-06-02,15.8,Thursday
673,1017.0,492.0,4558.0,327.0,1936.0,1973.0,1597.0,1636.0,2311.0,1588.0,1288.0,2174.0,691.0,3056.0,472.0,3359.0,2447.0,2341.0,592.0,2016-06-03,14.2,Friday
674,1054.0,642.0,2740.0,320.0,1685.0,1507.0,1399.0,1383.0,2901.0,2178.0,1701.0,2496.0,1168.0,2900.0,444.0,2523.0,1769.0,1600.0,431.0,2016-06-04,11.7,Saturday
675,1435.0,932.0,3896.0,409.0,2260.0,2025.0,1638.0,1217.0,5195.0,3595.0,2780.0,3791.0,2169.0,4379.0,624.0,2912.0,1897.0,2368.0,519.0,2016-06-05,12.8,Sunday
676,853.0,485.0,4382.0,269.0,1685.0,1828.0,1401.0,1435.0,1638.0,933.0,800.0,1522.0,420.0,2648.0,400.0,3039.0,2168.0,2053.0,532.0,2016-06-06,9.7,Monday
677,1132.0,632.0,4729.0,307.0,2025.0,2002.0,1580.0,1541.0,2247.0,1396.0,1157.0,1997.0,662.0,3152.0,478.0,3417.0,2401.0,2567.0,665.0,2016-06-07,6.7,Tuesday
678,1090.0,673.0,4968.0,375.0,2096.0,2199.0,1681.0,1725.0,2427.0,1703.0,1306.0,2136.0,791.0,3324.0,514.0,3593.0,2589.0,2694.0,616.0,2016-06-08,6.6,Wednesday
679,901.0,497.0,3985.0,282.0,1637.0,1739.0,1361.0,1429.0,1703.0,1080.0,891.0,1625.0,551.0,2464.0,394.0,2934.0,2071.0,2105.0,520.0,2016-06-09,12.9,Thursday
680,557.0,322.0,3154.0,185.0,1215.0,1319.0,1067.0,1182.0,949.0,685.0,539.0,1118.0,207.0,1843.0,261.0,2354.0,1758.0,1678.0,425.0,2016-06-10,5.5,Friday
681,791.0,432.0,2364.0,226.0,1167.0,1331.0,1346.0,1048.0,2366.0,1455.0,1352.0,1729.0,869.0,2364.0,316.0,1908.0,1283.0,1459.0,315.0,2016-06-11,8.2,Saturday
682,999.0,573.0,2750.0,274.0,1549.0,1447.0,1213.0,986.0,3220.0,2271.0,1809.0,2545.0,1343.0,2940.0,453.0,2049.0,1371.0,1776.0,406.0,2016-06-12,8.6,Sunday
683,1066.0,529.0,4447.0,324.0,1874.0,1955.0,1487.0,1535.0,1878.0,1364.0,996.0,1734.0,598.0,2948.0,484.0,3240.0,2170.0,2479.0,588.0,2016-06-13,9.5,Monday
684,891.0,465.0,4319.0,315.0,1850.0,1802.0,1407.0,1461.0,1627.0,1013.0,744.0,1544.0,463.0,2561.0,397.0,3056.0,2225.0,2244.0,578.0,2016-06-14,13.9,Tuesday
685,888.0,507.0,4001.0,267.0,1646.0,1660.0,1271.0,1490.0,1821.0,1210.0,947.0,1567.0,523.0,2503.0,394.0,3017.0,2043.0,2167.0,554.0,2016-06-15,14.1,Wednesday
686,908.0,547.0,4248.0,290.0,1710.0,1853.0,1476.0,1571.0,1727.0,1242.0,908.0,1570.0,519.0,2754.0,405.0,3107.0,2142.0,2257.0,560.0,2016-06-16,14.7,Thursday
687,580.0,358.0,3067.0,164.0,1227.0,1291.0,1104.0,1119.0,1000.0,658.0,477.0,1101.0,161.0,1798.0,260.0,2307.0,1655.0,1529.0,415.0,2016-06-17,18.4,Friday
688,929.0,590.0,2890.0,311.0,1636.0,1573.0,1480.0,1140.0,2980.0,2195.0,1637.0,2391.0,1263.0,2959.0,410.0,2264.0,1567.0,1761.0,350.0,2016-06-18,13.4,Saturday
689,1256.0,735.0,3715.0,435.0,1892.0,1927.0,1604.0,1102.0,5091.0,3523.0,2448.0,3468.0,2291.0,4333.0,605.0,2738.0,1608.0,2275.0,454.0,2016-06-19,12.2,Sunday
690,233.0,143.0,971.0,60.0,402.0,490.0,457.0,394.0,277.0,183.0,203.0,342.0,58.0,575.0,398.0,774.0,578.0,493.0,152.0,2016-06-20,16.4,Monday
691,891.0,502.0,3824.0,226.0,1461.0,1644.0,1392.0,1132.0,1603.0,965.0,770.0,1620.0,333.0,2230.0,304.0,2684.0,1905.0,2011.0,501.0,2016-06-21,14.3,Tuesday
692,1165.0,679.0,5055.0,364.0,2136.0,2140.0,1655.0,1421.0,2718.0,1675.0,1239.0,2334.0,873.0,3458.0,311.0,3681.0,2547.0,2880.0,627.0,2016-06-22,14.2,Wednesday
693,1150.0,609.0,4704.0,317.0,2015.0,2134.0,1732.0,1461.0,2275.0,1510.0,1120.0,2322.0,706.0,3150.0,315.0,3644.0,2418.0,2659.0,618.0,2016-06-23,18.2,Thursday
694,958.0,487.0,4084.0,297.0,1697.0,1909.0,1477.0,1265.0,2221.0,1381.0,974.0,2234.0,643.0,2882.0,256.0,3151.0,2234.0,2377.0,544.0,2016-06-24,18.3,Friday
695,658.0,394.0,2017.0,194.0,1027.0,1146.0,1078.0,746.0,2776.0,1406.0,1017.0,1972.0,667.0,2273.0,298.0,1790.0,1220.0,1223.0,313.0,2016-06-25,22.3,Saturday
696,511.0,343.0,1484.0,112.0,798.0,804.0,756.0,460.0,1520.0,1145.0,785.0,1211.0,584.0,1516.0,425.0,1165.0,809.0,966.0,216.0,2016-06-26,18.6,Sunday
697,875.0,527.0,4261.0,269.0,1628.0,1849.0,1419.0,1407.0,1750.0,1192.0,781.0,1555.0,558.0,2654.0,369.0,2973.0,2056.0,2266.0,567.0,2016-06-27,15.8,Monday
698,959.0,567.0,4093.0,301.0,1731.0,1714.0,1334.0,1406.0,1856.0,1270.0,908.0,1840.0,536.0,2666.0,379.0,2979.0,2134.0,2237.0,574.0,2016-06-28,16.9,Tuesday
699,1073.0,577.0,4678.0,326.0,2006.0,2061.0,1590.0,1554.0,2138.0,1476.0,1068.0,2184.0,705.0,3157.0,389.0,3408.0,2389.0,2665.0,625.0,2016-06-29,13.0,Wednesday
700,854.0,459.0,4141.0,276.0,1671.0,1842.0,1441.0,1381.0,1801.0,1267.0,790.0,1943.0,509.0,2821.0,391.0,3020.0,2253.0,2377.0,597.0,2016-06-30,17.0,Thursday
701,872.0,523.0,3604.0,268.0,1617.0,1835.0,1372.0,1161.0,1972.0,1434.0,925.0,1983.0,653.0,2696.0,319.0,2787.0,2142.0,2163.0,517.0,2016-07-01,17.8,Friday
702,832.0,471.0,2421.0,249.0,1404.0,1291.0,1222.0,950.0,2879.0,2179.0,1543.0,2214.0,1249.0,2764.0,371.0,2020.0,1278.0,1583.0,348.0,2016-07-02,18.2,Saturday
703,565.0,288.0,1173.0,175.0,669.0,760.0,644.0,474.0,1333.0,961.0,866.0,1057.0,621.0,1293.0,529.0,1132.0,712.0,846.0,240.0,2016-07-03,14.7,Sunday
704,924.0,513.0,4160.0,265.0,1717.0,1795.0,1457.0,1428.0,1875.0,1359.0,927.0,1760.0,580.0,2795.0,398.0,3054.0,2217.0,2280.0,569.0,2016-07-04,11.4,Monday
705,1102.0,574.0,4488.0,304.0,2021.0,2070.0,1557.0,1566.0,2151.0,1569.0,1082.0,2016.0,667.0,3041.0,393.0,3329.0,2440.0,2696.0,620.0,2016-07-05,8.9,Tuesday
706,441.0,214.0,2609.0,127.0,1030.0,1141.0,872.0,904.0,803.0,276.0,297.0,815.0,131.0,1443.0,406.0,1851.0,1382.0,1417.0,328.0,2016-07-06,13.2,Wednesday
707,405.0,313.0,2194.0,123.0,949.0,938.0,996.0,892.0,1037.0,421.0,482.0,904.0,211.0,1328.0,382.0,1565.0,1267.0,1261.0,295.0,2016-07-07,12.4,Thursday
708,854.0,626.0,3792.0,285.0,1544.0,1749.0,1576.0,1512.0,386.0,1415.0,1169.0,2268.0,67.0,2892.0,281.0,2746.0,2041.0,2255.0,565.0,2016-07-08,8.3,Friday
709,460.0,358.0,1391.0,146.0,748.0,718.0,904.0,798.0,2753.0,754.0,924.0,1102.0,23.0,1329.0,355.0,1390.0,940.0,943.0,267.0,2016-07-09,15.6,Saturday
710,1042.0,581.0,2601.0,260.0,1712.0,1421.0,1338.0,980.0,2793.0,2575.0,1900.0,2437.0,1318.0,3085.0,507.0,2184.0,1498.0,1744.0,346.0,2016-07-10,14.4,Sunday
711,734.0,398.0,3730.0,239.0,1453.0,1689.0,1341.0,1390.0,1447.0,1011.0,671.0,1463.0,425.0,2533.0,399.0,2850.0,2162.0,2074.0,474.0,2016-07-11,17.2,Monday
712,641.0,375.0,3079.0,168.0,1391.0,1380.0,1140.0,1290.0,1814.0,650.0,517.0,1227.0,238.0,1841.0,372.0,2426.0,1813.0,1819.0,416.0,2016-07-12,19.1,Tuesday
713,692.0,371.0,2148.0,204.0,1037.0,958.0,855.0,867.0,1869.0,949.0,647.0,1142.0,373.0,1379.0,382.0,1871.0,1370.0,1377.0,297.0,2016-07-13,18.4,Wednesday
714,479.0,278.0,2010.0,137.0,900.0,851.0,824.0,830.0,1713.0,540.0,380.0,793.0,204.0,1344.0,378.0,1675.0,1262.0,1139.0,285.0,2016-07-14,16.4,Thursday
715,500.0,269.0,1978.0,140.0,948.0,813.0,766.0,851.0,1398.0,670.0,511.0,882.0,278.0,1320.0,284.0,1717.0,1323.0,1190.0,278.0,2016-07-15,12.3,Friday
716,674.0,362.0,1781.0,187.0,1109.0,1146.0,1140.0,766.0,2850.0,1601.0,1083.0,1730.0,805.0,1943.0,362.0,1636.0,1119.0,1000.0,272.0,2016-07-16,12.0,Saturday
717,603.0,384.0,1598.0,191.0,1036.0,983.0,1029.0,734.0,2688.0,1613.0,1177.0,1324.0,1208.0,1945.0,520.0,1502.0,1119.0,1197.0,276.0,2016-07-17,15.3,Sunday
718,661.0,403.0,3096.0,183.0,1312.0,1309.0,1054.0,1117.0,1338.0,730.0,573.0,1169.0,410.0,1906.0,374.0,2316.0,1651.0,1787.0,440.0,2016-07-18,15.8,Monday
719,864.0,512.0,3497.0,271.0,1606.0,1529.0,1222.0,1265.0,1859.0,1147.0,860.0,1530.0,446.0,2366.0,366.0,2631.0,2047.0,2042.0,499.0,2016-07-19,14.2,Tuesday
720,1044.0,678.0,4403.0,304.0,1999.0,1867.0,1520.0,1548.0,1885.0,1560.0,1159.0,2211.0,524.0,2928.0,377.0,3333.0,2460.0,2559.0,556.0,2016-07-20,11.6,Wednesday
721,1058.0,582.0,4283.0,313.0,1939.0,1897.0,1459.0,1864.0,1709.0,1670.0,1124.0,2238.0,408.0,3233.0,372.0,3400.0,2499.0,2455.0,520.0,2016-07-21,11.8,Thursday
722,776.0,413.0,3314.0,236.0,1468.0,1509.0,1203.0,1351.0,1498.0,1104.0,694.0,1671.0,412.0,2532.0,287.0,2593.0,2043.0,1924.0,475.0,2016-07-22,11.5,Friday
723,898.0,481.0,2282.0,240.0,1511.0,1343.0,1336.0,1083.0,2818.0,2344.0,1503.0,2567.0,687.0,2799.0,352.0,2115.0,1516.0,1391.0,324.0,2016-07-23,17.8,Saturday
724,1177.0,586.0,2741.0,316.0,1718.0,1489.0,1471.0,998.0,2085.0,3006.0,2064.0,2971.0,936.0,3114.0,497.0,2332.0,1650.0,1741.0,360.0,2016-07-24,17.5,Sunday
725,962.0,462.0,3758.0,303.0,1684.0,1761.0,1303.0,1386.0,1604.0,1470.0,824.0,1764.0,494.0,2637.0,386.0,2829.0,2156.0,2384.0,551.0,2016-07-25,19.9,Monday
726,973.0,461.0,3742.0,260.0,1544.0,1599.0,1278.0,1361.0,1924.0,1460.0,856.0,2121.0,472.0,2671.0,380.0,2880.0,2261.0,2232.0,478.0,2016-07-26,20.1,Tuesday
727,837.0,394.0,3456.0,237.0,1502.0,1516.0,1211.0,1276.0,1676.0,1143.0,644.0,1548.0,437.0,2346.0,392.0,2745.0,2110.0,2063.0,464.0,2016-07-27,19.5,Wednesday
728,950.0,532.0,3527.0,283.0,1600.0,1556.0,1280.0,1278.0,1565.0,1211.0,814.0,1714.0,334.0,2458.0,382.0,2829.0,2100.0,2075.0,459.0,2016-07-28,18.4,Thursday
729,647.0,394.0,2852.0,212.0,1221.0,1395.0,1114.0,1134.0,1317.0,890.0,575.0,1351.0,355.0,1985.0,293.0,2407.0,1779.0,1588.0,380.0,2016-07-29,17.4,Friday
730,687.0,453.0,1950.0,178.0,1230.0,1159.0,1125.0,912.0,2827.0,1637.0,1170.0,1933.0,693.0,2162.0,362.0,1891.0,1328.0,1169.0,302.0,2016-07-30,15.9,Saturday
731,730.0,397.0,2048.0,183.0,1297.0,1128.0,1008.0,819.0,2229.0,2063.0,1400.0,2036.0,1023.0,2470.0,513.0,1718.0,1160.0,1344.0,253.0,2016-07-31,17.1,Sunday
732,556.0,308.0,1685.0,160.0,942.0,906.0,835.0,1120.0,1570.0,715.0,461.0,856.0,478.0,1290.0,390.0,1844.0,1326.0,1052.0,282.0,2016-08-01,18.4,Monday
733,1070.0,566.0,4048.0,298.0,1757.0,1779.0,1375.0,1483.0,1938.0,1540.0,1068.0,2101.0,457.0,2862.0,379.0,3219.0,2356.0,2397.0,507.0,2016-08-02,14.5,Tuesday
734,966.0,513.0,3982.0,296.0,1829.0,1722.0,1406.0,1562.0,1559.0,1477.0,934.0,2004.0,370.0,2837.0,393.0,3240.0,2354.0,2327.0,501.0,2016-08-03,14.2,Wednesday
735,850.0,458.0,3201.0,270.0,1441.0,1384.0,1229.0,1301.0,1508.0,1262.0,836.0,1791.0,293.0,2314.0,381.0,2717.0,1907.0,1858.0,479.0,2016-08-04,17.4,Thursday
736,811.0,482.0,3342.0,222.0,1421.0,1497.0,1218.0,1272.0,1154.0,1337.0,803.0,1758.0,281.0,2334.0,292.0,2773.0,2005.0,1791.0,350.0,2016-08-05,18.0,Friday
737,353.0,185.0,1025.0,104.0,604.0,609.0,663.0,597.0,2813.0,599.0,457.0,797.0,554.0,979.0,360.0,1322.0,734.0,591.0,180.0,2016-08-06,16.4,Saturday
738,923.0,567.0,2428.0,266.0,1585.0,1317.0,1272.0,1100.0,2453.0,2493.0,1751.0,2587.0,1123.0,2875.0,511.0,2220.0,1479.0,1570.0,348.0,2016-08-07,12.8,Sunday
739,1026.0,612.0,3999.0,335.0,1728.0,1691.0,1391.0,1370.0,1493.0,1678.0,1003.0,1977.0,453.0,2906.0,388.0,3045.0,2215.0,2381.0,566.0,2016-08-08,10.0,Monday
740,547.0,284.0,2700.0,169.0,1049.0,1103.0,943.0,944.0,1888.0,602.0,389.0,1025.0,407.0,1578.0,378.0,1999.0,1493.0,1519.0,396.0,2016-08-09,15.3,Tuesday
741,110.0,64.0,914.0,41.0,311.0,386.0,383.0,374.0,1745.0,100.0,59.0,250.0,428.0,498.0,391.0,655.0,488.0,481.0,115.0,2016-08-10,12.4,Wednesday
742,646.0,392.0,3101.0,223.0,1432.0,1209.0,1107.0,1228.0,1627.0,1030.0,603.0,1343.0,314.0,2042.0,381.0,2426.0,1705.0,1729.0,458.0,2016-08-11,9.9,Thursday
743,729.0,353.0,2698.0,206.0,1327.0,1221.0,1158.0,1180.0,1344.0,999.0,650.0,1379.0,333.0,1996.0,292.0,2280.0,1739.0,1618.0,371.0,2016-08-12,6.1,Friday
744,431.0,233.0,1233.0,132.0,811.0,711.0,793.0,654.0,2830.0,927.0,644.0,1012.0,688.0,1287.0,360.0,1367.0,830.0,817.0,201.0,2016-08-13,12.3,Saturday
745,648.0,372.0,1555.0,222.0,1250.0,944.0,942.0,781.0,2368.0,1560.0,1219.0,1619.0,1075.0,1803.0,512.0,1561.0,886.0,1091.0,249.0,2016-08-14,16.8,Sunday
746,748.0,400.0,2133.0,196.0,1000.0,1027.0,820.0,957.0,1505.0,1759.0,1330.0,1778.0,462.0,2001.0,387.0,1848.0,1054.0,1399.0,251.0,2016-08-15,13.7,Monday
747,619.0,382.0,2869.0,231.0,1196.0,1358.0,1071.0,1053.0,1905.0,782.0,534.0,1246.0,449.0,1894.0,379.0,2257.0,1638.0,1621.0,407.0,2016-08-16,12.4,Tuesday
748,758.0,436.0,3255.0,250.0,1346.0,1382.0,1156.0,1334.0,1719.0,1049.0,645.0,1382.0,439.0,2140.0,390.0,2697.0,1808.0,1787.0,457.0,2016-08-17,12.0,Wednesday
749,810.0,418.0,3248.0,240.0,1432.0,1442.0,1243.0,1311.0,1606.0,1063.0,687.0,1503.0,339.0,2117.0,381.0,2735.0,1949.0,1970.0,452.0,2016-08-18,10.3,Thursday
750,770.0,457.0,3091.0,277.0,1448.0,1500.0,1337.0,1315.0,1331.0,1272.0,772.0,1632.0,347.0,2373.0,292.0,2548.0,2029.0,1898.0,440.0,2016-08-19,13.5,Friday
751,963.0,537.0,2344.0,262.0,1525.0,1405.0,1389.0,1008.0,2821.0,2668.0,1532.0,2796.0,659.0,2905.0,360.0,2350.0,1569.0,1491.0,349.0,2016-08-20,14.9,Saturday
752,474.0,258.0,1093.0,145.0,771.0,687.0,648.0,450.0,2287.0,998.0,663.0,1029.0,1044.0,1291.0,511.0,904.0,616.0,737.0,172.0,2016-08-21,18.0,Sunday
753,322.0,199.0,1471.0,131.0,567.0,552.0,585.0,626.0,1546.0,335.0,268.0,555.0,472.0,868.0,389.0,1257.0,843.0,812.0,256.0,2016-08-22,16.7,Monday
754,934.0,522.0,3866.0,275.0,1688.0,1699.0,1318.0,1380.0,1915.0,1309.0,895.0,1743.0,448.0,2450.0,379.0,2953.0,2157.0,2140.0,522.0,2016-08-23,13.5,Tuesday
755,940.0,445.0,3875.0,304.0,1689.0,1644.0,1300.0,1468.0,1677.0,1222.0,900.0,1841.0,422.0,2472.0,393.0,2913.0,2185.0,2185.0,525.0,2016-08-24,15.8,Wednesday
756,1041.0,591.0,4127.0,330.0,1833.0,1815.0,1522.0,1571.0,1578.0,1499.0,991.0,2059.0,323.0,2855.0,381.0,3289.0,2317.0,2449.0,513.0,2016-08-25,12.4,Thursday
757,940.0,502.0,3629.0,297.0,1660.0,1819.0,1458.0,1567.0,1291.0,1542.0,932.0,2106.0,334.0,2723.0,292.0,3079.0,2318.0,2223.0,528.0,2016-08-26,12.9,Friday
758,978.0,541.0,2268.0,280.0,1413.0,1456.0,1424.0,1030.0,2827.0,2242.0,1602.0,2561.0,653.0,2850.0,360.0,2291.0,1544.0,1505.0,302.0,2016-08-27,13.0,Saturday
759,1063.0,550.0,2461.0,272.0,1593.0,1403.0,1402.0,951.0,2337.0,2472.0,1801.0,2430.0,1068.0,2929.0,511.0,2168.0,1531.0,1545.0,345.0,2016-08-28,15.5,Sunday
760,875.0,434.0,3551.0,298.0,1472.0,1614.0,1324.0,1413.0,1530.0,1238.0,771.0,1583.0,468.0,2328.0,389.0,2880.0,2127.0,2134.0,520.0,2016-08-29,16.1,Monday
761,956.0,495.0,3908.0,276.0,1642.0,1705.0,1403.0,1675.0,1914.0,1351.0,858.0,1755.0,442.0,2647.0,379.0,3132.0,2258.0,2289.0,516.0,2016-08-30,14.2,Tuesday
762,1007.0,497.0,4074.0,313.0,1701.0,1851.0,1507.0,1570.0,1676.0,1499.0,814.0,1775.0,418.0,2762.0,393.0,3290.0,2341.0,2255.0,515.0,2016-08-31,9.9,Wednesday
763,1105.0,553.0,3966.0,330.0,1774.0,1835.0,1533.0,1559.0,2093.0,1541.0,911.0,1825.0,599.0,2780.0,955.0,3205.0,2265.0,2319.0,494.0,2016-09-01,11.6,Thursday
764,896.0,476.0,3571.0,276.0,1516.0,1567.0,1355.0,1556.0,1748.0,1272.0,783.0,1731.0,371.0,2367.0,829.0,2926.0,2165.0,2046.0,451.0,2016-09-02,13.3,Friday
765,1021.0,546.0,2527.0,263.0,1291.0,1388.0,1543.0,1218.0,2736.0,2150.0,1505.0,2179.0,1025.0,2473.0,840.0,2243.0,1443.0,1603.0,343.0,2016-09-03,10.0,Saturday
766,857.0,488.0,2555.0,271.0,1336.0,1231.0,1117.0,844.0,2935.0,2255.0,1660.0,1915.0,1108.0,2585.0,843.0,1708.0,1231.0,1463.0,276.0,2016-09-04,11.8,Sunday
767,264.0,135.0,1494.0,85.0,473.0,602.0,624.0,664.0,407.0,189.0,125.0,471.0,24.0,898.0,288.0,1077.0,816.0,782.0,190.0,2016-09-05,14.7,Monday
768,974.0,507.0,3839.0,321.0,1707.0,1518.0,1298.0,1529.0,1784.0,1300.0,899.0,1681.0,421.0,2441.0,923.0,2949.0,2121.0,2189.0,491.0,2016-09-06,13.8,Tuesday
769,1025.0,599.0,4255.0,290.0,1880.0,1692.0,1420.0,1639.0,2096.0,1533.0,949.0,1824.0,459.0,2693.0,931.0,3411.0,2359.0,2376.0,530.0,2016-09-07,10.5,Wednesday
770,1038.0,541.0,4082.0,301.0,1785.0,1742.0,1433.0,1507.0,1913.0,1524.0,891.0,1840.0,470.0,2726.0,896.0,3332.0,2370.0,2421.0,582.0,2016-09-08,12.4,Thursday
771,1028.0,546.0,3780.0,278.0,1723.0,1709.0,1382.0,1510.0,1886.0,1435.0,889.0,1794.0,434.0,2529.0,913.0,3006.0,2248.0,2233.0,481.0,2016-09-09,13.5,Friday
772,990.0,598.0,2575.0,262.0,1483.0,1364.0,1349.0,996.0,2961.0,2337.0,1629.0,3043.0,998.0,2561.0,869.0,2217.0,1522.0,1522.0,352.0,2016-09-10,15.9,Saturday
773,1102.0,606.0,2691.0,297.0,1475.0,1548.0,1314.0,975.0,3587.0,2800.0,2096.0,2661.0,1385.0,3045.0,1026.0,2192.0,1484.0,1832.0,340.0,2016-09-11,13.5,Sunday
774,1063.0,506.0,4049.0,277.0,1709.0,1777.0,1329.0,1291.0,1792.0,1377.0,780.0,1693.0,443.0,2664.0,890.0,2909.0,2198.0,2327.0,515.0,2016-09-12,15.3,Monday
775,1050.0,585.0,4400.0,330.0,1795.0,1776.0,1431.0,1358.0,1944.0,1440.0,914.0,1826.0,434.0,2744.0,936.0,3321.0,2565.0,2564.0,574.0,2016-09-13,15.6,Tuesday
776,1012.0,484.0,4198.0,305.0,1780.0,1697.0,1351.0,1264.0,1772.0,1313.0,829.0,1779.0,402.0,2626.0,857.0,3144.0,2359.0,2397.0,564.0,2016-09-14,12.5,Wednesday
777,943.0,554.0,4027.0,287.0,1644.0,1658.0,1348.0,1299.0,1834.0,1376.0,811.0,1686.0,389.0,2579.0,841.0,3043.0,2214.0,2252.0,532.0,2016-09-15,10.4,Thursday
778,985.0,506.0,3608.0,260.0,1553.0,1478.0,1255.0,1319.0,1754.0,1370.0,782.0,1595.0,426.0,2438.0,802.0,2850.0,2265.0,2104.0,452.0,2016-09-16,9.4,Friday
779,893.0,514.0,2231.0,246.0,1330.0,1213.0,1305.0,835.0,2495.0,1979.0,1366.0,1759.0,1048.0,2276.0,844.0,2031.0,1320.0,1343.0,290.0,2016-09-17,11.2,Saturday
780,721.0,365.0,1583.0,177.0,1078.0,1032.0,910.0,644.0,1845.0,1454.0,1014.0,1284.0,730.0,1890.0,687.0,1420.0,941.0,1110.0,180.0,2016-09-18,9.2,Sunday
781,665.0,294.0,2982.0,182.0,1222.0,1265.0,1028.0,911.0,1103.0,666.0,360.0,1072.0,188.0,1724.0,571.0,2204.0,1707.0,1731.0,381.0,2016-09-19,7.5,Monday
782,576.0,279.0,2899.0,170.0,1124.0,1084.0,953.0,882.0,946.0,612.0,340.0,1016.0,156.0,1539.0,543.0,2133.0,1624.0,1588.0,353.0,2016-09-20,4.5,Tuesday
783,457.0,243.0,2665.0,136.0,1002.0,1002.0,837.0,896.0,865.0,602.0,346.0,871.0,143.0,1460.0,425.0,1846.0,1438.0,1513.0,306.0,2016-09-21,6.6,Wednesday
784,472.0,243.0,2431.0,146.0,955.0,924.0,772.0,911.0,837.0,605.0,312.0,817.0,140.0,1334.0,451.0,1718.0,1284.0,1346.0,305.0,2016-09-22,7.2,Thursday
785,438.0,230.0,2352.0,148.0,952.0,923.0,897.0,914.0,774.0,521.0,331.0,760.0,170.0,1269.0,441.0,1728.0,1276.0,1304.0,272.0,2016-09-23,6.7,Friday
786,547.0,273.0,1259.0,131.0,699.0,630.0,728.0,761.0,1252.0,935.0,726.0,825.0,441.0,1180.0,458.0,1146.0,780.0,825.0,203.0,2016-09-24,8.0,Saturday
787,655.0,393.0,1672.0,214.0,1246.0,931.0,830.0,857.0,2367.0,1602.0,1211.0,1485.0,890.0,2031.0,702.0,1493.0,988.0,1223.0,258.0,2016-09-25,5.8,Sunday
788,492.0,249.0,2619.0,163.0,1008.0,1016.0,818.0,897.0,864.0,622.0,332.0,903.0,157.0,1417.0,504.0,1927.0,1367.0,1512.0,332.0,2016-09-26,6.9,Monday
789,520.0,266.0,2958.0,182.0,1119.0,1062.0,911.0,1041.0,1096.0,806.0,467.0,1022.0,197.0,1640.0,573.0,2010.0,1546.0,1667.0,384.0,2016-09-27,4.6,Tuesday
790,445.0,218.0,2414.0,144.0,953.0,854.0,792.0,924.0,748.0,585.0,372.0,791.0,117.0,1346.0,460.0,1780.0,1365.0,1346.0,356.0,2016-09-28,2.5,Wednesday
791,624.0,278.0,2981.0,203.0,1127.0,1071.0,899.0,1155.0,1171.0,953.0,573.0,1076.0,210.0,1637.0,580.0,2200.0,1648.0,1700.0,390.0,2016-09-29,14.8,Thursday
792,578.0,334.0,2823.0,192.0,1157.0,1178.0,963.0,1192.0,1158.0,842.0,453.0,1089.0,255.0,1672.0,593.0,2251.0,1805.0,1590.0,409.0,2016-09-30,15.5,Friday
793,445.0,240.0,1351.0,180.0,804.0,726.0,737.0,670.0,1284.0,1086.0,571.0,837.0,375.0,1380.0,485.0,1267.0,889.0,689.0,198.0,2016-10-01,12.3,Saturday
794,871.0,413.0,2020.0,214.0,1161.0,1180.0,1083.0,873.0,2450.0,2008.0,1363.0,1491.0,1061.0,2173.0,894.0,1707.0,1173.0,1474.0,329.0,2016-10-02,9.5,Sunday
795,178.0,123.0,1362.0,58.0,469.0,472.0,384.0,519.0,336.0,193.0,93.0,356.0,28.0,591.0,169.0,848.0,744.0,725.0,177.0,2016-10-03,13.6,Monday
796,267.0,133.0,1915.0,73.0,637.0,641.0,577.0,719.0,481.0,253.0,211.0,496.0,89.0,815.0,241.0,1180.0,995.0,1018.0,312.0,2016-10-04,9.0,Tuesday
797,87.0,48.0,696.0,23.0,162.0,209.0,190.0,225.0,144.0,42.0,34.0,139.0,3.0,245.0,67.0,390.0,309.0,325.0,96.0,2016-10-05,5.0,Wednesday
798,179.0,88.0,908.0,46.0,293.0,288.0,320.0,418.0,292.0,143.0,92.0,262.0,24.0,386.0,128.0,610.0,527.0,421.0,146.0,2016-10-06,4.7,Thursday
799,211.0,125.0,1515.0,70.0,495.0,475.0,406.0,507.0,394.0,216.0,136.0,404.0,35.0,605.0,204.0,949.0,767.0,787.0,168.0,2016-10-07,0.9,Friday
800,139.0,73.0,528.0,39.0,200.0,250.0,273.0,237.0,275.0,175.0,87.0,248.0,79.0,336.0,147.0,396.0,283.0,286.0,81.0,2016-10-08,5.3,Saturday
801,129.0,79.0,491.0,36.0,251.0,214.0,209.0,209.0,354.0,270.0,155.0,292.0,151.0,363.0,161.0,376.0,250.0,264.0,85.0,2016-10-09,7.1,Sunday
802,156.0,82.0,1250.0,35.0,348.0,366.0,349.0,419.0,256.0,164.0,102.0,279.0,26.0,449.0,110.0,703.0,645.0,625.0,196.0,2016-10-10,6.3,Monday
803,153.0,61.0,1178.0,38.0,362.0,362.0,345.0,413.0,262.0,133.0,93.0,278.0,20.0,470.0,124.0,700.0,597.0,604.0,183.0,2016-10-11,5.3,Tuesday
804,114.0,50.0,888.0,41.0,271.0,285.0,241.0,296.0,212.0,112.0,63.0,226.0,4.0,326.0,84.0,482.0,399.0,444.0,130.0,2016-10-12,6.0,Wednesday
805,253.0,145.0,1662.0,71.0,620.0,548.0,467.0,602.0,543.0,329.0,187.0,484.0,77.0,729.0,244.0,1115.0,904.0,918.0,236.0,2016-10-13,4.2,Thursday
806,274.0,138.0,1625.0,85.0,597.0,465.0,531.0,614.0,558.0,391.0,235.0,479.0,105.0,761.0,256.0,1073.0,914.0,790.0,258.0,2016-10-14,-0.4,Friday
807,129.0,71.0,420.0,35.0,187.0,226.0,238.0,225.0,288.0,170.0,102.0,228.0,109.0,333.0,127.0,346.0,284.0,250.0,47.0,2016-10-15,1.9,Saturday
808,152.0,85.0,375.0,25.0,198.0,180.0,209.0,158.0,369.0,242.0,120.0,203.0,135.0,369.0,132.0,298.0,269.0,229.0,66.0,2016-10-16,2.7,Sunday
809,254.0,122.0,1589.0,67.0,579.0,497.0,391.0,537.0,539.0,254.0,188.0,470.0,62.0,776.0,215.0,1011.0,741.0,855.0,228.0,2016-10-17,1.9,Monday
810,230.0,99.0,1510.0,82.0,504.0,433.0,370.0,517.0,417.0,211.0,138.0,420.0,24.0,678.0,213.0,944.0,747.0,820.0,221.0,2016-10-18,3.5,Tuesday
811,202.0,110.0,1381.0,77.0,505.0,426.0,383.0,480.0,422.0,243.0,140.0,396.0,56.0,635.0,191.0,913.0,691.0,758.0,168.0,2016-10-19,6.2,Wednesday
812,171.0,98.0,1298.0,66.0,422.0,361.0,354.0,461.0,323.0,210.0,117.0,332.0,23.0,584.0,173.0,789.0,620.0,675.0,178.0,2016-10-20,7.0,Thursday
813,106.0,65.0,944.0,36.0,279.0,235.0,249.0,279.0,224.0,92.0,74.0,214.0,9.0,373.0,105.0,517.0,423.0,457.0,109.0,2016-10-21,5.8,Friday
814,65.0,38.0,234.0,22.0,69.0,96.0,124.0,118.0,111.0,80.0,34.0,77.0,19.0,158.0,63.0,176.0,153.0,105.0,35.0,2016-10-22,5.7,Saturday
815,164.0,92.0,487.0,61.0,273.0,275.0,285.0,216.0,536.0,466.0,237.0,308.0,237.0,450.0,194.0,443.0,276.0,372.0,71.0,2016-10-23,3.4,Sunday
816,180.0,104.0,1286.0,57.0,396.0,409.0,348.0,426.0,386.0,194.0,108.0,333.0,23.0,531.0,151.0,839.0,631.0,678.0,176.0,2016-10-24,7.3,Monday
817,120.0,71.0,1044.0,53.0,286.0,292.0,269.0,342.0,227.0,103.0,74.0,248.0,13.0,403.0,112.0,661.0,517.0,518.0,150.0,2016-10-25,9.1,Tuesday
818,223.0,128.0,1568.0,87.0,541.0,466.0,411.0,540.0,517.0,282.0,209.0,440.0,66.0,620.0,238.0,1042.0,829.0,743.0,191.0,2016-10-26,3.8,Wednesday
819,235.0,134.0,1522.0,85.0,493.0,480.0,449.0,543.0,528.0,297.0,181.0,438.0,94.0,704.0,226.0,993.0,776.0,781.0,202.0,2016-10-27,4.2,Thursday
820,142.0,77.0,1130.0,50.0,343.0,367.0,332.0,405.0,314.0,145.0,110.0,283.0,34.0,522.0,150.0,732.0,590.0,583.0,152.0,2016-10-28,1.8,Friday
821,98.0,52.0,299.0,28.0,108.0,167.0,201.0,126.0,211.0,109.0,76.0,151.0,67.0,247.0,90.0,286.0,191.0,165.0,41.0,2016-10-29,3.6,Saturday
822,92.0,41.0,257.0,15.0,132.0,174.0,196.0,97.0,266.0,169.0,100.0,152.0,108.0,328.0,83.0,240.0,148.0,142.0,32.0,2016-10-30,3.4,Sunday
823,130.0,72.0,621.0,44.0,228.0,342.0,313.0,306.0,301.0,181.0,123.0,239.0,54.0,453.0,130.0,517.0,389.0,322.0,97.0,2016-10-31,3.6,Monday
824,39.0,19.0,139.0,15.0,56.0,81.0,82.0,42.0,152.0,91.0,45.0,76.0,40.0,177.0,48.0,97.0,84.0,103.0,32.0,2016-11-01,0.4,Tuesday
825,130.0,72.0,1005.0,42.0,309.0,327.0,294.0,366.0,264.0,153.0,88.0,252.0,34.0,149.0,143.0,648.0,534.0,527.0,150.0,2016-11-02,5.1,Wednesday
826,137.0,75.0,1024.0,32.0,298.0,272.0,256.0,374.0,270.0,110.0,63.0,221.0,12.0,606.0,104.0,597.0,539.0,533.0,145.0,2016-11-03,2.8,Thursday
827,180.0,103.0,1252.0,49.0,392.0,394.0,351.0,469.0,384.0,223.0,147.0,318.0,53.0,570.0,195.0,749.0,561.0,584.0,168.0,2016-11-04,1.5,Friday
828,161.0,83.0,428.0,39.0,222.0,193.0,240.0,200.0,355.0,215.0,111.0,220.0,151.0,273.0,168.0,359.0,306.0,263.0,76.0,2016-11-05,1.4,Saturday
829,71.0,44.0,259.0,22.0,143.0,145.0,126.0,102.0,265.0,187.0,102.0,197.0,111.0,384.0,86.0,269.0,185.0,167.0,53.0,2016-11-06,4.6,Sunday
830,132.0,75.0,997.0,30.0,294.0,303.0,262.0,363.0,275.0,149.0,92.0,240.0,27.0,557.0,135.0,570.0,506.0,506.0,134.0,2016-11-07,2.5,Monday
831,161.0,92.0,1246.0,44.0,438.0,351.0,324.0,441.0,431.0,229.0,143.0,365.0,53.0,439.0,170.0,817.0,660.0,604.0,193.0,2016-11-08,-0.7,Tuesday
832,87.0,41.0,876.0,46.0,235.0,219.0,196.0,280.0,199.0,76.0,58.0,208.0,7.0,514.0,103.0,474.0,400.0,431.0,135.0,2016-11-09,-0.7,Wednesday
833,130.0,85.0,1037.0,46.0,333.0,325.0,313.0,398.0,315.0,175.0,112.0,279.0,37.0,662.0,129.0,681.0,526.0,508.0,145.0,2016-11-10,-0.1,Thursday
834,29.0,15.0,192.0,15.0,80.0,79.0,86.0,115.0,148.0,66.0,35.0,68.0,49.0,563.0,46.0,176.0,132.0,120.0,43.0,2016-11-11,-0.3,Friday
835,80.0,45.0,278.0,20.0,119.0,151.0,176.0,131.0,210.0,159.0,81.0,137.0,92.0,259.0,72.0,240.0,163.0,134.0,43.0,2016-11-12,-2.9,Saturday
836,68.0,42.0,211.0,15.0,86.0,117.0,126.0,99.0,149.0,122.0,60.0,106.0,67.0,385.0,60.0,166.0,127.0,136.0,38.0,2016-11-13,-3.8,Sunday
837,158.0,68.0,1143.0,43.0,359.0,354.0,340.0,392.0,312.0,179.0,139.0,350.0,48.0,585.0,138.0,701.0,527.0,608.0,172.0,2016-11-14,-0.1,Monday
838,151.0,73.0,1055.0,51.0,358.0,342.0,270.0,349.0,300.0,149.0,88.0,308.0,35.0,430.0,159.0,668.0,591.0,578.0,170.0,2016-11-15,-1.7,Tuesday
839,90.0,62.0,885.0,30.0,252.0,206.0,237.0,304.0,187.0,99.0,79.0,203.0,13.0,575.0,89.0,519.0,456.0,473.0,122.0,2016-11-16,0.6,Wednesday
840,117.0,82.0,1010.0,36.0,311.0,308.0,253.0,353.0,289.0,122.0,97.0,261.0,22.0,418.0,111.0,603.0,519.0,506.0,148.0,2016-11-17,4.4,Thursday
841,169.0,67.0,1243.0,60.0,434.0,330.0,317.0,421.0,412.0,235.0,138.0,392.0,46.0,516.0,167.0,728.0,610.0,588.0,159.0,2016-11-18,4.4,Friday
842,87.0,33.0,272.0,28.0,79.0,120.0,125.0,104.0,125.0,88.0,39.0,94.0,28.0,163.0,73.0,198.0,124.0,134.0,38.0,2016-11-19,6.2,Saturday
843,214.0,92.0,509.0,56.0,327.0,240.0,213.0,254.0,563.0,537.0,233.0,336.0,193.0,540.0,192.0,392.0,261.0,301.0,77.0,2016-11-20,5.3,Sunday
844,235.0,133.0,1495.0,67.0,451.0,398.0,315.0,492.0,477.0,293.0,189.0,448.0,76.0,658.0,241.0,904.0,713.0,743.0,195.0,2016-11-21,6.5,Monday
845,197.0,94.0,1454.0,71.0,479.0,419.0,328.0,444.0,497.0,219.0,150.0,416.0,61.0,625.0,188.0,838.0,664.0,742.0,184.0,2016-11-22,3.5,Tuesday
846,196.0,81.0,1426.0,78.0,402.0,362.0,302.0,448.0,399.0,207.0,143.0,437.0,56.0,587.0,196.0,760.0,646.0,716.0,166.0,2016-11-23,1.9,Wednesday
847,184.0,87.0,1202.0,49.0,368.0,361.0,294.0,417.0,368.0,177.0,135.0,346.0,46.0,528.0,162.0,729.0,591.0,638.0,153.0,2016-11-24,0.7,Thursday
848,144.0,88.0,1030.0,43.0,303.0,309.0,279.0,415.0,269.0,165.0,101.0,297.0,52.0,468.0,129.0,656.0,542.0,509.0,130.0,2016-11-25,-0.9,Friday
849,123.0,66.0,449.0,38.0,186.0,192.0,196.0,199.0,332.0,326.0,166.0,242.0,161.0,389.0,125.0,347.0,256.0,239.0,62.0,2016-11-26,-1.1,Saturday
850,40.0,23.0,193.0,16.0,93.0,98.0,72.0,88.0,105.0,86.0,56.0,92.0,42.0,148.0,41.0,152.0,120.0,137.0,26.0,2016-11-27,0.2,Sunday
851,103.0,57.0,716.0,27.0,222.0,222.0,186.0,266.0,148.0,86.0,45.0,186.0,18.0,306.0,82.0,451.0,377.0,363.0,99.0,2016-11-28,-3.4,Monday
852,105.0,45.0,781.0,21.0,230.0,222.0,168.0,278.0,156.0,89.0,59.0,173.0,15.0,299.0,80.0,503.0,423.0,367.0,99.0,2016-11-29,-4.7,Tuesday
853,97.0,47.0,725.0,31.0,215.0,226.0,201.0,244.0,166.0,67.0,44.0,186.0,15.0,292.0,81.0,434.0,361.0,348.0,104.0,2016-11-30,-0.6,Wednesday
854,73.0,35.0,634.0,23.0,201.0,215.0,215.0,207.0,150.0,74.0,47.0,148.0,17.0,274.0,86.0,417.0,326.0,348.0,74.0,2016-12-01,0.2,Thursday
855,55.0,18.0,358.0,13.0,60.0,95.0,40.0,124.0,39.0,14.0,6.0,43.0,2.0,130.0,44.0,209.0,108.0,94.0,28.0,2016-12-02,-0.5,Friday
856,41.0,2.0,133.0,6.0,49.0,77.0,60.0,77.0,92.0,18.0,27.0,52.0,24.0,88.0,24.0,135.0,108.0,46.0,5.0,2016-12-03,-0.5,Saturday
857,53.0,16.0,118.0,3.0,60.0,75.0,71.0,65.0,118.0,36.0,28.0,77.0,24.0,96.0,27.0,114.0,73.0,46.0,11.0,2016-12-04,-0.4,Sunday
858,99.0,48.0,659.0,7.0,212.0,215.0,160.0,222.0,184.0,33.0,29.0,160.0,15.0,259.0,77.0,403.0,341.0,299.0,70.0,2016-12-05,-1.7,Monday
859,80.0,43.0,532.0,10.0,153.0,163.0,138.0,219.0,168.0,23.0,27.0,138.0,8.0,222.0,87.0,361.0,290.0,269.0,55.0,2016-12-06,-0.8,Tuesday
860,109.0,47.0,610.0,18.0,181.0,224.0,158.0,197.0,209.0,51.0,34.0,157.0,15.0,278.0,92.0,438.0,317.0,310.0,79.0,2016-12-07,-5.2,Wednesday
861,116.0,45.0,635.0,22.0,194.0,187.0,210.0,228.0,181.0,63.0,49.0,168.0,4.0,253.0,63.0,377.0,338.0,320.0,103.0,2016-12-08,-2.3,Thursday
862,84.0,41.0,628.0,17.0,191.0,207.0,153.0,249.0,186.0,84.0,68.0,174.0,5.0,224.0,74.0,435.0,332.0,293.0,86.0,2016-12-09,5.3,Friday
863,27.0,9.0,104.0,12.0,28.0,69.0,85.0,60.0,37.0,23.0,13.0,36.0,3.0,61.0,24.0,96.0,78.0,51.0,14.0,2016-12-10,7.0,Saturday
864,32.0,10.0,84.0,1.0,35.0,44.0,56.0,45.0,39.0,43.0,16.0,31.0,12.0,67.0,20.0,76.0,51.0,42.0,11.0,2016-12-11,4.1,Sunday
865,89.0,39.0,555.0,16.0,182.0,163.0,184.0,208.0,124.0,68.0,33.0,166.0,18.0,203.0,75.0,335.0,280.0,272.0,80.0,2016-12-12,-4.8,Monday
866,97.0,32.0,665.0,23.0,187.0,176.0,165.0,213.0,158.0,80.0,40.0,165.0,8.0,242.0,77.0,411.0,351.0,288.0,112.0,2016-12-13,-6.7,Tuesday
867,62.0,17.0,525.0,22.0,156.0,161.0,119.0,209.0,122.0,51.0,35.0,129.0,10.0,189.0,70.0,313.0,298.0,238.0,79.0,2016-12-14,-4.8,Wednesday
868,75.0,43.0,550.0,35.0,169.0,145.0,121.0,223.0,133.0,83.0,45.0,142.0,10.0,211.0,68.0,353.0,329.0,271.0,75.0,2016-12-15,0.4,Thursday
869,74.0,29.0,617.0,22.0,186.0,195.0,126.0,244.0,169.0,106.0,62.0,178.0,22.0,280.0,87.0,368.0,323.0,273.0,88.0,2016-12-16,-6.2,Friday
870,48.0,21.0,212.0,16.0,155.0,109.0,111.0,114.0,113.0,79.0,46.0,99.0,38.0,156.0,43.0,192.0,159.0,97.0,25.0,2016-12-17,-6.1,Saturday
871,41.0,15.0,122.0,8.0,90.0,59.0,46.0,60.0,79.0,55.0,21.0,51.0,30.0,83.0,26.0,103.0,71.0,52.0,16.0,2016-12-18,-3.2,Sunday
872,80.0,35.0,576.0,,175.0,184.0,141.0,211.0,142.0,68.0,37.0,145.0,22.0,243.0,77.0,417.0,325.0,276.0,84.0,2016-12-19,-0.3,Monday
873,90.0,43.0,657.0,24.0,228.0,189.0,167.0,229.0,179.0,102.0,56.0,168.0,9.0,232.0,83.0,441.0,375.0,320.0,102.0,2016-12-20,0.6,Tuesday
874,72.0,38.0,688.0,26.0,227.0,181.0,181.0,232.0,178.0,84.0,38.0,172.0,6.0,269.0,92.0,461.0,345.0,301.0,106.0,2016-12-21,-1.7,Wednesday
875,114.0,41.0,625.0,26.0,190.0,206.0,155.0,236.0,166.0,98.0,53.0,146.0,22.0,278.0,91.0,395.0,339.0,298.0,92.0,2016-12-22,-5.6,Thursday
876,49.0,17.0,312.0,13.0,93.0,119.0,128.0,147.0,74.0,26.0,18.0,72.0,6.0,156.0,60.0,269.0,178.0,140.0,37.0,2016-12-23,-4.8,Friday
877,35.0,11.0,72.0,5.0,37.0,54.0,53.0,31.0,52.0,43.0,27.0,31.0,10.0,71.0,17.0,51.0,44.0,39.0,12.0,2016-12-24,0.2,Saturday
878,28.0,20.0,66.0,7.0,69.0,62.0,29.0,44.0,96.0,109.0,31.0,60.0,28.0,86.0,18.0,67.0,29.0,51.0,13.0,2016-12-25,2.1,Sunday
879,33.0,18.0,59.0,7.0,46.0,38.0,32.0,32.0,88.0,65.0,38.0,42.0,29.0,68.0,23.0,67.0,37.0,49.0,9.0,2016-12-26,3.2,Monday
880,36.0,15.0,209.0,10.0,73.0,89.0,81.0,78.0,76.0,35.0,12.0,67.0,3.0,108.0,30.0,197.0,111.0,109.0,33.0,2016-12-27,2.8,Tuesday
881,106.0,27.0,374.0,22.0,148.0,140.0,147.0,192.0,202.0,103.0,36.0,152.0,27.0,215.0,72.0,296.0,228.0,207.0,57.0,2016-12-28,0.2,Wednesday
882,127.0,48.0,395.0,26.0,155.0,178.0,142.0,199.0,195.0,117.0,59.0,150.0,30.0,239.0,87.0,327.0,234.0,206.0,65.0,2016-12-29,-2.7,Thursday
883,98.0,29.0,357.0,32.0,181.0,199.0,145.0,180.0,181.0,131.0,58.0,130.0,42.0,213.0,86.0,307.0,247.0,204.0,58.0,2016-12-30,-1.4,Friday
884,63.0,33.0,167.0,18.0,101.0,92.0,78.0,131.0,194.0,169.0,73.0,82.0,81.0,168.0,45.0,147.0,113.0,108.0,24.0,2016-12-31,-1.4,Saturday
885,43.0,19.0,105.0,9.0,83.0,62.0,47.0,52.0,129.0,93.0,50.0,73.0,36.0,103.0,26.0,118.0,83.0,76.0,30.0,2017-01-01,-0.3,Sunday
886,83.0,29.0,441.0,14.0,141.0,160.0,117.0,160.0,140.0,60.0,30.0,122.0,11.0,211.0,60.0,251.0,214.0,231.0,69.0,2017-01-02,-1.0,Monday
887,69.0,34.0,466.0,19.0,128.0,162.0,138.0,180.0,131.0,55.0,12.0,133.0,14.0,235.0,62.0,259.0,222.0,233.0,60.0,2017-01-03,-2.5,Tuesday
888,45.0,11.0,364.0,12.0,99.0,93.0,82.0,132.0,71.0,16.0,15.0,85.0,1.0,121.0,39.0,193.0,158.0,151.0,25.0,2017-01-04,0.4,Wednesday
889,34.0,8.0,198.0,9.0,64.0,80.0,49.0,105.0,55.0,15.0,9.0,69.0,5.0,104.0,31.0,139.0,139.0,115.0,8.0,2017-01-05,-10.2,Thursday
890,20.0,4.0,28.0,3.0,22.0,38.0,18.0,21.0,30.0,7.0,8.0,19.0,32.0,38.0,12.0,51.0,28.0,29.0,1.0,2017-01-06,-15.4,Friday
891,19.0,2.0,48.0,0.0,15.0,31.0,25.0,30.0,38.0,5.0,7.0,17.0,20.0,28.0,8.0,43.0,28.0,16.0,2.0,2017-01-07,-19.3,Saturday
892,21.0,4.0,28.0,1.0,21.0,27.0,13.0,32.0,48.0,15.0,5.0,21.0,28.0,38.0,10.0,64.0,34.0,31.0,2.0,2017-01-08,-18.4,Sunday
893,45.0,16.0,294.0,4.0,60.0,75.0,46.0,106.0,61.0,14.0,14.0,52.0,8.0,97.0,31.0,152.0,131.0,118.0,6.0,2017-01-09,-12.0,Monday
894,40.0,18.0,327.0,3.0,104.0,94.0,51.0,117.0,98.0,16.0,7.0,71.0,7.0,123.0,28.0,211.0,175.0,156.0,6.0,2017-01-10,-12.3,Tuesday
895,45.0,14.0,354.0,5.0,103.0,110.0,55.0,129.0,97.0,20.0,13.0,74.0,9.0,140.0,34.0,228.0,195.0,146.0,3.0,2017-01-11,-14.3,Wednesday
896,36.0,1.0,320.0,5.0,66.0,92.0,61.0,110.0,81.0,9.0,6.0,70.0,10.0,105.0,39.0,166.0,141.0,137.0,1.0,2017-01-12,-8.4,Thursday
897,29.0,3.0,262.0,6.0,66.0,80.0,34.0,94.0,73.0,5.0,10.0,69.0,5.0,101.0,25.0,178.0,144.0,123.0,1.0,2017-01-13,-3.2,Friday
898,39.0,4.0,87.0,8.0,30.0,59.0,41.0,54.0,78.0,14.0,10.0,68.0,10.0,80.0,27.0,81.0,67.0,42.0,0.0,2017-01-14,0.1,Saturday
899,22.0,6.0,65.0,2.0,59.0,56.0,23.0,51.0,80.0,19.0,13.0,45.0,21.0,84.0,27.0,79.0,107.0,40.0,0.0,2017-01-15,-2.7,Sunday
900,48.0,0.0,349.0,9.0,102.0,117.0,52.0,145.0,103.0,9.0,6.0,88.0,21.0,141.0,43.0,238.0,168.0,150.0,0.0,2017-01-16,-3.4,Monday
901,51.0,1.0,345.0,8.0,103.0,133.0,50.0,125.0,108.0,6.0,7.0,97.0,18.0,152.0,41.0,202.0,183.0,180.0,2.0,2017-01-17,-6.8,Tuesday
902,56.0,2.0,341.0,5.0,75.0,106.0,37.0,135.0,133.0,10.0,10.0,78.0,9.0,138.0,35.0,263.0,161.0,174.0,1.0,2017-01-18,-11.1,Wednesday
903,52.0,1.0,330.0,7.0,90.0,103.0,43.0,136.0,123.0,8.0,7.0,102.0,16.0,148.0,34.0,227.0,190.0,164.0,0.0,2017-01-19,-7.5,Thursday
904,32.0,0.0,277.0,5.0,64.0,108.0,43.0,97.0,55.0,10.0,2.0,54.0,7.0,101.0,25.0,204.0,176.0,117.0,1.0,2017-01-20,-4.6,Friday
905,31.0,2.0,89.0,8.0,43.0,47.0,33.0,37.0,53.0,16.0,18.0,46.0,12.0,56.0,44.0,75.0,61.0,47.0,0.0,2017-01-21,0.1,Saturday
906,36.0,6.0,92.0,7.0,48.0,72.0,48.0,40.0,70.0,18.0,20.0,61.0,11.0,79.0,36.0,75.0,72.0,35.0,0.0,2017-01-22,-0.1,Sunday
907,68.0,5.0,420.0,15.0,118.0,123.0,101.0,152.0,171.0,33.0,16.0,128.0,7.0,209.0,59.0,303.0,233.0,218.0,2.0,2017-01-23,-2.2,Monday
908,61.0,4.0,373.0,7.0,126.0,120.0,76.0,126.0,136.0,23.0,12.0,133.0,6.0,181.0,33.0,266.0,233.0,177.0,4.0,2017-01-24,-4.0,Tuesday
909,73.0,7.0,394.0,,146.0,110.0,77.0,149.0,145.0,24.0,12.0,106.0,3.0,178.0,54.0,254.0,239.0,213.0,6.0,2017-01-25,-1.4,Wednesday
910,,,,,,,,,,,,,,,,,,,,2017-01-26,-7.8,Thursday
